has_secondary_education,has_higher_education,work_experience,master_id,master_id,index,docs_verified,gender,guarantee,rating,reviews_count,is_highly_praised,is_certified,price_socket,suitabilityHints,discount,insurance,contract,cur_score,profi_ru_start,album_count,photos_count
True,False,7.0,https://profi.ru/profile/AbdullinAA22/,https://profi.ru/profile/AbdullinAA22/,110.0,True,,Нет гарантии,0,0,False,False,,,,,,50.679233499999995,На сервисе с июня 2025 г,0,0
True,False,8.0,https://profi.ru/profile/AbdullinAM9/,https://profi.ru/profile/AbdullinAM9/,158.0,True,MALE,Нет гарантии,0,0,False,False,,,,,,50.70067066666667,На сервисе с ноября 2024 г. (1 год),0,7
True,False,6.0,https://profi.ru/profile/AbdullinAN2/,https://profi.ru/profile/AbdullinAN2/,131.0,True,MALE,По договоренности,"4,73",15,False,False,,Мало отзывов по вашей услуге,,,,50.761179999999996,На сервисе с октября 2020 г. (5 лет),0,2
False,True,,https://profi.ru/profile/AbdullinLR/,https://profi.ru/profile/AbdullinLR/,39.0,True,MALE,Нет гарантии,"5,0",3,False,False,,,,,,50.500441333333335,,0,0
True,False,7.0,https://profi.ru/profile/AbrashevYI/,https://profi.ru/profile/AbrashevYI/,85.0,True,MALE,Нет гарантии,0,0,False,False,,,,,,50.7820325,,0,0
False,False,2.0,https://profi.ru/profile/AgliulinFR/,https://profi.ru/profile/AgliulinFR/,114.0,True,MALE,Нет гарантии,"5,0",1,False,False,,,,,,50.7512952,На сервисе с февраля 2024 г. (2 года),0,0
,,,https://profi.ru/profile/AhmadeevAA4/,https://profi.ru/profile/AhmadeevAA4/,126.0,True,,Нет гарантии,"5,0",5,False,False,,,,,,50.707553,,0,5
,,,https://profi.ru/profile/AhmetshinIA/,https://profi.ru/profile/AhmetshinIA/,110.0,True,MALE,Нет гарантии,"5,0",3,False,False,,,,,,50.57070944444445,На сервисе с сентября 2018 г. (7 лет),0,8
True,False,19.0,https://profi.ru/profile/AkhmadeyevMA/,https://profi.ru/profile/AkhmadeyevMA/,43.0,False,,Нет гарантии,"5,0",67,False,False,,,,,,50.535154125,На сервисе с января 2024 г. (2 года),0,23
True,False,5.0,https://profi.ru/profile/AkhmadullinAR8/,https://profi.ru/profile/AkhmadullinAR8/,40.0,True,MALE,Нет гарантии,0,0,False,False,,,,,,50.90388,На сервисе с марта 2026 г,0,0
False,True,18.0,https://profi.ru/profile/AkhmetgareyevAN/,https://profi.ru/profile/AkhmetgareyevAN/,206.0,True,MALE,Нет гарантии,0,0,False,False,,,,,,50.5527,,0,14
True,False,7.0,https://profi.ru/profile/AkhmetkhanovRG/,https://profi.ru/profile/AkhmetkhanovRG/,156.0,True,MALE,Нет гарантии,0,0,False,False,,,,,,50.60901,На сервисе с ноября 2025 г,0,0
True,False,2.0,https://profi.ru/profile/AkhmetzyanovII4/,https://profi.ru/profile/AkhmetzyanovII4/,100.0,True,MALE,Нет гарантии,"5,0",1,False,False,,,,,,50.786680000000004,На сервисе с июля 2024 г. (1 год),0,0
True,False,,https://profi.ru/profile/AkhmetzyanovRR13/,https://profi.ru/profile/AkhmetzyanovRR13/,115.0,True,MALE,Нет гарантии,"4,67",9,False,False,,Нет отзывов по вашей услуге,15.0,,,50.76996414285714,,0,0
False,False,,https://profi.ru/profile/AkhtariyevRF/,https://profi.ru/profile/AkhtariyevRF/,138.0,True,MALE,Нет гарантии,"5,0",1,False,False,,,,,,50.51267325,На сервисе с мая 2024 г. (1 год),0,0
False,True,,https://profi.ru/profile/AlayevIN/,https://profi.ru/profile/AlayevIN/,153.0,True,MALE,Нет гарантии,"5,0",8,False,False,,,20.0,,,50.746927,,0,0
False,True,,https://profi.ru/profile/AleksandrovVV80/,https://profi.ru/profile/AleksandrovVV80/,121.0,True,MALE,Нет гарантии,"3,0",1,False,False,,,15.0,,,50.71756333333334,,2,0
True,False,5.0,https://profi.ru/profile/AlekseevAA190/,https://profi.ru/profile/AlekseevAA190/,182.0,True,MALE,Нет гарантии,"5,0",2,False,False,,,,,,50.502674818181816,На сервисе с ноября 2020 г. (5 лет),0,20
False,False,8.0,https://profi.ru/profile/AlekseyevaIA21/,https://profi.ru/profile/AlekseyevaIA21/,118.0,True,MALE,Нет гарантии,"5,0",9,False,False,,Нет отзывов по вашей услуге,,,,50.5390814,,0,1
True,False,7.0,https://profi.ru/profile/AlimgulovIZ/,https://profi.ru/profile/AlimgulovIZ/,90.0,True,MALE,Нет гарантии,"5,0",3,False,False,,,,,,50.76702433333333,,0,0
False,True,10.0,https://profi.ru/profile/AlimovAA/,https://profi.ru/profile/AlimovAA/,4.0,True,MALE,«1 год»,"4,99",616,False,False,,,10.0,Есть страховка,,70.13721541666666,,0,1
True,False,23.0,https://profi.ru/profile/AlimovRY/,https://profi.ru/profile/AlimovRY/,117.0,True,MALE,Нет гарантии,"5,0",2,False,False,,,5.0,,,50.7559035,,0,0
True,False,7.0,https://profi.ru/profile/AmbaryanRV/,https://profi.ru/profile/AmbaryanRV/,147.0,True,MALE,Нет гарантии,0,0,False,False,,,,,,50.68337266666666,На сервисе с августа 2025 г,0,0
False,False,28.0,https://profi.ru/profile/AmerhanovRR/,https://profi.ru/profile/AmerhanovRR/,84.0,False,MALE,По договоренности,"4,78",23,False,False,,Мало отзывов по вашей услуге,,,,50.697867,,0,4
True,False,2.0,https://profi.ru/profile/AminevAM8/,https://profi.ru/profile/AminevAM8/,126.0,True,MALE,Нет гарантии,"4,43",7,False,False,,Нет отзывов по вашей услуге,,,,50.572909249999995,На сервисе с августа 2024 г. (1 год),0,2
,,,https://profi.ru/profile/AmirkhanovFI/,https://profi.ru/profile/AmirkhanovFI/,189.0,True,,Нет гарантии,"4,50",2,False,False,,,,,,50.33364,На сервисе с ноября 2021 г. (4 года),0,5
True,False,7.0,https://profi.ru/profile/AndreyLO/,https://profi.ru/profile/AndreyLO/,102.0,True,,Нет гарантии,0,0,False,False,,,,,,50.8071685,На сервисе с октября 2025 г,0,0
True,False,1.0,https://profi.ru/profile/AndreyevSY12/,https://profi.ru/profile/AndreyevSY12/,29.0,True,MALE,Нет гарантии,"5,0",4,False,False,,,,,,50.93858,На сервисе с февраля 2025 г. (1 год),0,1
False,False,2.0,https://profi.ru/profile/AndreyevVD10/,https://profi.ru/profile/AndreyevVD10/,146.0,True,MALE,Нет гарантии,"5,0",2,False,False,,,,,,50.64421316666667,На сервисе с декабря 2024 г. (1 год),0,0
True,False,8.0,https://profi.ru/profile/AndryashinVA/,https://profi.ru/profile/AndryashinVA/,78.0,True,MALE,Нет гарантии,"4,96",100,False,False,,Мало отзывов по вашей услуге,100.0,,,50.782679,,5,0
False,True,7.0,https://profi.ru/profile/AnikinVV2/,https://profi.ru/profile/AnikinVV2/,78.0,True,MALE,Нет гарантии,0,0,False,False,,,,,,50.711742,,0,0
False,True,2.0,https://profi.ru/profile/AnisimovIP2/,https://profi.ru/profile/AnisimovIP2/,69.0,True,MALE,Нет гарантии,0,0,False,False,,,,,,50.716845,,0,0
False,True,28.0,https://profi.ru/profile/AnoshinVA6/,https://profi.ru/profile/AnoshinVA6/,86.0,False,,По договоренности,"5,0",3,False,False,,,5.0,,,50.7833994,,0,1
False,False,18.0,https://profi.ru/profile/ArifovAM/,https://profi.ru/profile/ArifovAM/,110.0,True,MALE,Нет гарантии,0,0,False,False,,,10.0,,,50.671356,На сервисе с января 2026 г,0,2
True,False,14.0,https://profi.ru/profile/ArtemyevNA3/,https://profi.ru/profile/ArtemyevNA3/,21.0,True,MALE,По договоренности,"4,63",16,False,False,,Нет отзывов по вашей услуге,,,,50.969334,На сервисе с сентября 2022 г. (3 года),0,1
True,False,5.0,https://profi.ru/profile/ArtemyevYA7/,https://profi.ru/profile/ArtemyevYA7/,106.0,True,MALE,Нет гарантии,"5,0",12,False,False,,,,,,50.593211,На сервисе с августа 2024 г. (1 год),0,0
True,False,4.0,https://profi.ru/profile/AsadovNK/,https://profi.ru/profile/AsadovNK/,135.0,True,MALE,Нет гарантии,"4,95",39,False,False,,,,,,50.679493,На сервисе с августа 2022 г. (3 года),1,0
True,False,6.0,https://profi.ru/profile/AsadullinRR6/,https://profi.ru/profile/AsadullinRR6/,80.0,True,MALE,Нет гарантии,"4,88",185,False,False,,,5.0,,,50.5418,,3,20
True,False,8.0,https://profi.ru/profile/AsatovAA5/,https://profi.ru/profile/AsatovAA5/,30.0,True,MALE,Нет гарантии,"5,0",52,False,False,,,,,,50.5598845,,0,0
True,True,10.0,https://profi.ru/profile/AskarovAN5/,https://profi.ru/profile/AskarovAN5/,106.0,True,MALE,Нет гарантии,0,0,False,False,,,,,,50.7695406,,0,0
True,False,12.0,https://profi.ru/profile/AsylovDR2/,https://profi.ru/profile/AsylovDR2/,94.0,True,MALE,Нет гарантии,0,0,False,False,,,,,,50.76583025,,0,0
False,True,6.0,https://profi.ru/profile/AvzalovRR3/,https://profi.ru/profile/AvzalovRR3/,78.0,True,MALE,Нет гарантии,"5,0",6,False,False,,Нет отзывов по вашей услуге,,,,50.669455,,0,0
True,False,4.0,https://profi.ru/profile/AyzatullinII/,https://profi.ru/profile/AyzatullinII/,48.0,True,,Нет гарантии,"4,85",39,False,False,,,,,,50.85519,На сервисе с октября 2022 г. (3 года),1,8
False,False,4.0,https://profi.ru/profile/AzimbetovSS/,https://profi.ru/profile/AzimbetovSS/,160.0,True,MALE,Нет гарантии,"5,0",16,False,False,,,,,,50.689771500000006,На сервисе с ноября 2021 г. (4 года),0,0
True,False,1.0,https://profi.ru/profile/AzimovAG12/,https://profi.ru/profile/AzimovAG12/,159.0,True,MALE,Нет гарантии,0,0,False,False,,,,,,50.709405333333336,На сервисе с февраля 2025 г. (1 год),0,0
True,False,7.0,https://profi.ru/profile/BabushkinDA/,https://profi.ru/profile/BabushkinDA/,102.0,True,MALE,Нет гарантии,"5,0",6,False,False,1500.0,Мало отзывов по вашей услуге,,,,50.53023877777778,На сервисе с сентября 2018 г. (7 лет),0,0
True,False,4.0,https://profi.ru/profile/BagautdinovRF3/,https://profi.ru/profile/BagautdinovRF3/,119.0,True,MALE,Нет гарантии,"4,87",15,False,False,,,,,,50.62315925,На сервисе с ноября 2021 г. (4 года),0,11
,,,https://profi.ru/profile/BalevAA/,https://profi.ru/profile/BalevAA/,192.0,True,MALE,Нет гарантии,"5,0",1,False,False,,,,,,50.33116,На сервисе с июля 2025 г,0,0
True,False,7.0,https://profi.ru/profile/BalilovIS/,https://profi.ru/profile/BalilovIS/,110.0,True,MALE,Нет гарантии,0,0,False,False,,,,,,50.675608,На сервисе с октября 2025 г,0,0
False,True,7.0,https://profi.ru/profile/BarabanovAV5/,https://profi.ru/profile/BarabanovAV5/,153.0,True,MALE,«В течении года при условии правильного пользования (если клиент не виноват в проблеме) + сервисное обслуживание на льготных условиях (по договоренности)»,"5,0",16,False,False,,Мало отзывов по вашей услуге,,,,50.6797234,На сервисе с марта 2019 г. (7 лет),0,1
True,False,8.0,https://profi.ru/profile/BarytkoNO2/,https://profi.ru/profile/BarytkoNO2/,156.0,True,,Нет гарантии,"5,0",3,False,False,1500.0,,,,,50.754019666666665,,1,7
False,True,14.0,https://profi.ru/profile/BashkinMG/,https://profi.ru/profile/BashkinMG/,113.0,False,MALE,По договоренности,"4,72",141,False,False,,,100.0,,Договор,50.80006,,9,50
True,False,7.0,https://profi.ru/profile/BasyrovDS/,https://profi.ru/profile/BasyrovDS/,196.0,True,MALE,Нет гарантии,"4,73",15,False,False,,Мало отзывов по вашей услуге,,,,50.80002,На сервисе с апреля 2025 г. (1 год),0,0
False,False,,https://profi.ru/profile/BatalovII2/,https://profi.ru/profile/BatalovII2/,53.0,True,MALE,Нет гарантии,"5,0",5,False,False,,Нет отзывов по вашей услуге,10.0,,,50.748476,На сервисе с февраля 2023 г. (3 года),0,4
True,False,4.0,https://profi.ru/profile/BatanevMA/,https://profi.ru/profile/BatanevMA/,144.0,True,MALE,По договоренности,"4,90",29,False,False,,,,,Договор,50.539155375,На сервисе с января 2022 г. (4 года),5,94
True,False,7.0,https://profi.ru/profile/BaykhanovVY/,https://profi.ru/profile/BaykhanovVY/,144.0,False,MALE,Нет гарантии,"5,0",10,False,False,,Нет отзывов по вашей услуге,,,,50.631763,На сервисе с августа 2025 г,0,0
False,True,,https://profi.ru/profile/BazikeyevRA/,https://profi.ru/profile/BazikeyevRA/,56.0,True,MALE,Нет гарантии,"5,0",10,False,False,,,,,,50.5903915,,0,15
,,,https://profi.ru/profile/BemshlagAV/,https://profi.ru/profile/BemshlagAV/,140.0,True,MALE,Нет гарантии,"5,0",5,False,False,500.0,Мало отзывов по вашей услуге,,,,50.710342749999995,,0,0
False,False,8.0,https://profi.ru/profile/BerezhnovMY/,https://profi.ru/profile/BerezhnovMY/,129.0,True,MALE,Нет гарантии,0,0,False,False,,,,,,50.764842800000004,На сервисе с июля 2022 г. (3 года),0,0
True,False,5.0,https://profi.ru/profile/BeytsRA/,https://profi.ru/profile/BeytsRA/,71.0,True,MALE,Нет гарантии,0,0,False,False,,,,,,50.8033365,На сервисе с февраля 2026 г,0,0
True,False,5.0,https://profi.ru/profile/BezzubovVP/,https://profi.ru/profile/BezzubovVP/,117.0,True,MALE,Нет гарантии,"5,0",1,False,False,,,,,,50.51719088888889,На сервисе с февраля 2026 г,0,0
False,True,10.0,https://profi.ru/profile/BikkininAI/,https://profi.ru/profile/BikkininAI/,114.0,True,MALE,Нет гарантии,"4,75",4,False,False,1000.0,,,,,50.76095,,0,5
False,False,6.0,https://profi.ru/profile/BikkininIG/,https://profi.ru/profile/BikkininIG/,114.0,True,MALE,Нет гарантии,"4,33",6,False,False,,Нет отзывов по вашей услуге,,,,50.75931375,На сервисе с мая 2019 г. (6 лет),7,7
False,False,9.0,https://profi.ru/profile/BikmukhametovLR/,https://profi.ru/profile/BikmukhametovLR/,117.0,True,MALE,Нет гарантии,"5,0",9,False,False,1500.0,,,,,50.7749632,,2,16
False,False,4.0,https://profi.ru/profile/BikulovEN/,https://profi.ru/profile/BikulovEN/,69.0,True,MALE,Нет гарантии,"5,0",13,False,False,,Мало отзывов по вашей услуге,,,,50.58703522222223,На сервисе с июня 2022 г. (3 года),0,5
True,False,20.0,https://profi.ru/profile/BildanovIM/,https://profi.ru/profile/BildanovIM/,46.0,True,MALE,Нет гарантии,0,0,False,False,,,,,,50.7458575,На сервисе с октября 2024 г. (1 год),0,2
,,,https://profi.ru/profile/BildanovNR/,https://profi.ru/profile/BildanovNR/,144.0,True,MALE,Нет гарантии,"5,0",7,False,False,,Нет отзывов по вашей услуге,,,,50.696418666666666,На сервисе с сентября 2023 г. (2 года),1,0
True,False,7.0,https://profi.ru/profile/BitkulovAI/,https://profi.ru/profile/BitkulovAI/,94.0,True,MALE,Нет гарантии,"5,0",2,False,False,,,,,,50.80374866666667,На сервисе с ноября 2019 г. (6 лет),0,2
True,False,10.0,https://profi.ru/profile/BlotskiiEB/,https://profi.ru/profile/BlotskiiEB/,162.0,True,MALE,Нет гарантии,"4,75",8,False,False,300.0,,,,,50.568293,На сервисе с сентября 2020 г. (5 лет),0,0
True,True,17.0,https://profi.ru/profile/BoboyevSA6/,https://profi.ru/profile/BoboyevSA6/,127.0,True,MALE,Нет гарантии,"4,78",36,False,False,,,,,,50.7718218,,6,71
True,False,5.0,https://profi.ru/profile/BobrovIV5/,https://profi.ru/profile/BobrovIV5/,86.0,True,MALE,Нет гарантии,0,0,False,False,,,,,,50.778994999999995,На сервисе с марта 2021 г. (5 лет),0,0
True,False,7.0,https://profi.ru/profile/BoldyrevDM/,https://profi.ru/profile/BoldyrevDM/,130.0,True,MALE,Нет гарантии,"5,0",6,False,False,,,,,,50.77070125,,0,2
True,False,5.0,https://profi.ru/profile/BorisovAA84/,https://profi.ru/profile/BorisovAA84/,154.0,True,MALE,Нет гарантии,"5,0",3,False,False,,,,,,50.622902,На сервисе с февраля 2021 г. (5 лет),0,0
True,False,6.0,https://profi.ru/profile/BorodinMV2/,https://profi.ru/profile/BorodinMV2/,122.0,True,MALE,Нет гарантии,"3,50",2,False,False,,,,,,50.57400033333334,На сервисе с января 2020 г. (6 лет),0,0
False,True,,https://profi.ru/profile/BoykoYN11/,https://profi.ru/profile/BoykoYN11/,156.0,True,MALE,Нет гарантии,0,0,False,False,,,,,,50.63393666666667,,0,0
True,False,10.0,https://profi.ru/profile/BozorovSZ/,https://profi.ru/profile/BozorovSZ/,96.0,True,MALE,Нет гарантии,"5,0",10,False,False,,,,,,50.60411025,,1,52
True,False,12.0,https://profi.ru/profile/BraunAI6/,https://profi.ru/profile/BraunAI6/,121.0,True,MALE,Нет гарантии,0,0,False,False,,,,,,50.784744,На сервисе с декабря 2025 г,0,0
False,True,5.0,https://profi.ru/profile/BulatovRK6/,https://profi.ru/profile/BulatovRK6/,93.0,True,MALE,Нет гарантии,"5,0",4,False,False,,,,,,50.76112666666666,,0,0
False,False,31.0,https://profi.ru/profile/BulyginAP/,https://profi.ru/profile/BulyginAP/,43.0,True,MALE,По договоренности,"4,92",72,False,False,,Мало отзывов по вашей услуге,,,,50.800779000000006,,0,0
False,True,0.0,https://profi.ru/profile/BurenkovVA3/,https://profi.ru/profile/BurenkovVA3/,152.0,True,MALE,Нет гарантии,0,0,False,False,,,,,,50.671979,,0,0
True,False,4.0,https://profi.ru/profile/BurhanovII2/,https://profi.ru/profile/BurhanovII2/,6.0,True,MALE,Нет гарантии,"5,0",37,False,False,100.0,Нет отзывов по вашей услуге,,,,50.648505916666664,На сервисе с сентября 2021 г. (4 года),0,0
True,False,7.0,https://profi.ru/profile/BurkhanovFZ/,https://profi.ru/profile/BurkhanovFZ/,106.0,True,,Нет гарантии,0,0,False,False,,,5.0,,,50.7568265,На сервисе с июня 2025 г,0,5
True,False,7.0,https://profi.ru/profile/ButakovIN/,https://profi.ru/profile/ButakovIN/,135.0,True,MALE,Нет гарантии,"4,82",100,False,False,,,,,,50.5610168,На сервисе с апреля 2019 г. (7 лет),0,0
True,False,8.0,https://profi.ru/profile/ButyntsevAA/,https://profi.ru/profile/ButyntsevAA/,48.0,True,MALE,Нет гарантии,"5,0",6,False,False,,Нет отзывов по вашей услуге,,,,50.887352,На сервисе с января 2019 г. (7 лет),0,0
False,True,13.0,https://profi.ru/profile/BystrovAF/,https://profi.ru/profile/BystrovAF/,150.0,True,MALE,Нет гарантии,"5,0",1,False,False,,,,,,50.7501545,,0,2
True,False,12.0,https://profi.ru/profile/ChakhalyanPV/,https://profi.ru/profile/ChakhalyanPV/,96.0,True,,Нет гарантии,0,0,False,False,,,10.0,,,50.706465,На сервисе с февраля 2022 г. (4 года),0,1
True,False,7.0,https://profi.ru/profile/ChebyshevGA/,https://profi.ru/profile/ChebyshevGA/,40.0,True,MALE,Нет гарантии,0,0,False,False,,,,,,50.826890000000006,На сервисе с апреля 2026 г,0,0
False,True,5.0,https://profi.ru/profile/ChernovEI4/,https://profi.ru/profile/ChernovEI4/,136.0,False,MALE,По договоренности,"4,74",31,False,False,500.0,Мало отзывов по вашей услуге,,,Договор,50.578638833333336,,2,14
False,True,,https://profi.ru/profile/ChervyakovAS8/,https://profi.ru/profile/ChervyakovAS8/,99.0,True,MALE,Нет гарантии,0,0,False,False,,,,,,50.7728534,,0,0
True,False,7.0,https://profi.ru/profile/ChibrakovAN/,https://profi.ru/profile/ChibrakovAN/,164.0,True,MALE,Нет гарантии,0,0,False,False,,,,,,50.628716999999995,На сервисе с ноября 2025 г,1,0
True,False,26.0,https://profi.ru/profile/ChindinVI/,https://profi.ru/profile/ChindinVI/,128.0,True,MALE,Нет гарантии,"5,0",4,False,False,,,,,,50.70840833333333,,1,1
True,False,5.0,https://profi.ru/profile/ChuklovEV/,https://profi.ru/profile/ChuklovEV/,50.0,True,MALE,Нет гарантии,"4,84",99,False,False,,,,,,50.831025,,0,0
True,False,23.0,https://profi.ru/profile/DavletbaevTK2/,https://profi.ru/profile/DavletbaevTK2/,122.0,True,MALE,Нет гарантии,0,0,False,False,,,,,,50.776090499999995,,0,1
,,,https://profi.ru/profile/DavletovDF2/,https://profi.ru/profile/DavletovDF2/,98.0,True,MALE,Нет гарантии,"4,0",4,False,False,,,,,,50.488966285714284,На сервисе с ноября 2022 г. (3 года),0,3
False,False,20.0,https://profi.ru/profile/DavletshinDT/,https://profi.ru/profile/DavletshinDT/,108.0,True,,Нет гарантии,0,0,False,False,,,,,,50.7720296,На сервисе с апреля 2026 г,0,0
True,False,,https://profi.ru/profile/DavletshinIF5/,https://profi.ru/profile/DavletshinIF5/,189.0,True,MALE,Нет гарантии,0,0,False,False,,,,,,50.447430000000004,,0,0
False,False,,https://profi.ru/profile/DavlitovBM2/,https://profi.ru/profile/DavlitovBM2/,130.0,False,MALE,«Гарантия 2 года с техническим сопровождением»,0,0,False,False,,,,,,50.7539856,На сервисе с октября 2025 г,0,0
False,True,11.0,https://profi.ru/profile/DavlyatovRR3/,https://profi.ru/profile/DavlyatovRR3/,88.0,True,MALE,Нет гарантии,"5,0",5,False,False,,Нет отзывов по вашей услуге,,,,50.526672500000004,,0,0
,,,https://profi.ru/profile/DayanovVI/,https://profi.ru/profile/DayanovVI/,80.0,True,MALE,Нет гарантии,"5,0",1,False,False,,,,,,50.69053,На сервисе с января 2024 г. (2 года),2,4
False,True,4.0,https://profi.ru/profile/DaylizhlLA/,https://profi.ru/profile/DaylizhlLA/,151.0,True,MALE,Нет гарантии,"5,0",1,False,False,,,,,,50.48062766666666,,0,2
True,False,8.0,https://profi.ru/profile/DemyanovVV3/,https://profi.ru/profile/DemyanovVV3/,132.0,True,,Нет гарантии,"4,98",145,False,False,,,10.0,,,50.54456781818181,,0,21
True,False,7.0,https://profi.ru/profile/DimitriyevSA2/,https://profi.ru/profile/DimitriyevSA2/,135.0,True,MALE,Нет гарантии,"5,0",10,False,False,,,,,,50.48748057142858,На сервисе с февраля 2026 г,0,0
,,,https://profi.ru/profile/DimiyevAA/,https://profi.ru/profile/DimiyevAA/,158.0,True,MALE,Нет гарантии,0,0,False,False,300.0,,,,,50.632056666666664,,0,8
False,False,12.0,https://profi.ru/profile/DmitriyR2/,https://profi.ru/profile/DmitriyR2/,120.0,False,,По договоренности,0,0,False,False,,,,,,50.746039,,0,6
True,False,7.0,https://profi.ru/profile/DmitriyevRS7/,https://profi.ru/profile/DmitriyevRS7/,157.0,True,MALE,Нет гарантии,0,0,False,False,,,,,,50.670793333333336,На сервисе с января 2026 г,0,0
True,False,20.0,https://profi.ru/profile/DoizhaDS/,https://profi.ru/profile/DoizhaDS/,184.0,False,MALE,Нет гарантии,"4,82",34,False,False,350.0,Мало отзывов по вашей услуге,,,,50.5474006,,0,2
True,False,2.0,https://profi.ru/profile/DorofeyevDV10/,https://profi.ru/profile/DorofeyevDV10/,152.0,True,MALE,Нет гарантии,0,0,False,False,,,,,,50.6435235,На сервисе с сентября 2024 г. (1 год),0,0
False,False,,https://profi.ru/profile/DorogovAV2/,https://profi.ru/profile/DorogovAV2/,133.0,True,MALE,Нет гарантии,"5,0",4,False,False,,,,,,50.47880966666666,На сервисе с февраля 2026 г,0,0
False,True,,https://profi.ru/profile/DunayevAY4/,https://profi.ru/profile/DunayevAY4/,169.0,True,MALE,Нет гарантии,0,0,False,False,,,,,,50.625191666666666,,0,0
True,False,39.0,https://profi.ru/profile/DyachkovNA3/,https://profi.ru/profile/DyachkovNA3/,100.0,True,MALE,Нет гарантии,"4,69",26,False,False,,,,,,50.748548,,0,0
False,False,,https://profi.ru/profile/DzhurayevPZ/,https://profi.ru/profile/DzhurayevPZ/,90.0,True,,Нет гарантии,"5,0",11,False,False,,Мало отзывов по вашей услуге,,,,50.56623277777778,На сервисе с февраля 2025 г. (1 год),4,16
True,False,5.0,https://profi.ru/profile/EfimovAS25/,https://profi.ru/profile/EfimovAS25/,118.0,True,MALE,Нет гарантии,"5,0",28,False,False,,Мало отзывов по вашей услуге,,,,50.755886000000004,На сервисе с февраля 2021 г. (5 лет),0,0
True,False,7.0,https://profi.ru/profile/EgorovAA80/,https://profi.ru/profile/EgorovAA80/,150.0,True,MALE,Нет гарантии,"4,27",11,False,False,,Нет отзывов по вашей услуге,,,,50.553527700000004,На сервисе с октября 2019 г. (6 лет),0,0
False,False,5.0,https://profi.ru/profile/EgorovAS58/,https://profi.ru/profile/EgorovAS58/,142.0,True,MALE,Нет гарантии,"5,0",3,False,False,,,,,,50.46799014285715,На сервисе с октября 2020 г. (5 лет),5,0
True,False,19.0,https://profi.ru/profile/ElaginRA2/,https://profi.ru/profile/ElaginRA2/,120.0,True,MALE,Нет гарантии,0,0,False,False,,,,,,50.48919375,,0,0
True,False,7.0,https://profi.ru/profile/ElektrikaNI/,https://profi.ru/profile/ElektrikaNI/,148.0,True,,Нет гарантии,0,0,False,False,,,,,,50.72624,,0,0
True,False,18.0,https://profi.ru/profile/EsenbaevMB/,https://profi.ru/profile/EsenbaevMB/,102.0,False,MALE,«2 года»,"4,97",142,False,False,,,,,Договор,50.56883545454546,,0,44
True,False,26.0,https://profi.ru/profile/FahrievLD/,https://profi.ru/profile/FahrievLD/,110.0,False,MALE,«1 год»,"4,98",46,True,False,,Мало отзывов по вашей услуге,100.0,,,50.5956796,,0,10
True,False,6.0,https://profi.ru/profile/FahrutdinovDS/,https://profi.ru/profile/FahrutdinovDS/,128.0,True,MALE,Нет гарантии,"5,0",1,False,False,,,,,,50.7573595,На сервисе с декабря 2018 г. (7 лет),0,162
False,False,6.0,https://profi.ru/profile/FahrutdinovRN/,https://profi.ru/profile/FahrutdinovRN/,62.0,True,MALE,Нет гарантии,"5,0",1,False,False,,,,,,50.7215765,На сервисе с апреля 2020 г. (6 лет),0,0
,,,https://profi.ru/profile/FalaleyevII2/,https://profi.ru/profile/FalaleyevII2/,34.0,True,MALE,По договоренности,"5,0",4,False,False,,,,,,50.91473,На сервисе с марта 2026 г,0,0
True,True,10.0,https://profi.ru/profile/FalyakhovLV2/,https://profi.ru/profile/FalyakhovLV2/,167.0,True,MALE,Нет гарантии,"5,0",8,False,False,,,,,,50.67436,,0,4
True,False,12.0,https://profi.ru/profile/FaskhutdinovFS/,https://profi.ru/profile/FaskhutdinovFS/,50.0,True,,Нет гарантии,"5,0",1,False,False,,,,,,50.74732,,0,3
True,False,7.0,https://profi.ru/profile/FatkullinAF2/,https://profi.ru/profile/FatkullinAF2/,118.0,True,MALE,Нет гарантии,"4,97",646,False,False,,,,,,50.573037,,0,1
False,True,12.0,https://profi.ru/profile/FattakhovAR3/,https://profi.ru/profile/FattakhovAR3/,84.0,False,MALE,«Работаем с договором »,"4,78",9,False,False,,Нет отзывов по вашей услуге,20.0,,Договор,50.717633,На сервисе с августа 2025 г,0,0
False,True,18.0,https://profi.ru/profile/FattakhovBF/,https://profi.ru/profile/FattakhovBF/,40.0,True,MALE,Нет гарантии,0,0,False,False,,,,,,50.812740000000005,,0,0
False,True,12.0,https://profi.ru/profile/FatyhovAZ/,https://profi.ru/profile/FatyhovAZ/,106.0,False,MALE,По договоренности,"4,25",4,False,False,,,,,,50.57937472727272,,0,0
True,False,7.0,https://profi.ru/profile/FatykhovEN/,https://profi.ru/profile/FatykhovEN/,91.0,True,MALE,Нет гарантии,0,0,False,False,,,5.0,,,50.7759624,На сервисе с апреля 2026 г,0,0
True,False,4.0,https://profi.ru/profile/FatykhovRR3/,https://profi.ru/profile/FatykhovRR3/,177.0,True,MALE,Нет гарантии,"3,0",1,False,False,,,,,,50.622092,На сервисе с июня 2022 г. (3 года),0,0
True,False,7.0,https://profi.ru/profile/FatykhovZZ/,https://profi.ru/profile/FatykhovZZ/,151.0,True,MALE,Нет гарантии,0,0,False,False,,,,,,50.62516,На сервисе с января 2026 г,0,10
True,False,7.0,https://profi.ru/profile/FayzrakhmanovAR/,https://profi.ru/profile/FayzrakhmanovAR/,162.0,True,MALE,Нет гарантии,"5,0",8,False,False,,,,,,50.673502,На сервисе с октября 2024 г. (1 год),0,9
True,False,7.0,https://profi.ru/profile/FayzullinAR15/,https://profi.ru/profile/FayzullinAR15/,52.0,True,MALE,Нет гарантии,"5,0",1,False,False,,,,,,50.7792915,На сервисе с октября 2025 г,0,0
True,False,7.0,https://profi.ru/profile/FayzullinRD/,https://profi.ru/profile/FayzullinRD/,50.0,True,MALE,Нет гарантии,0,0,False,False,,,,,,50.840065,На сервисе с ноября 2025 г,0,0
False,True,,https://profi.ru/profile/FayzullinRI2/,https://profi.ru/profile/FayzullinRI2/,138.0,True,MALE,Нет гарантии,"5,0",1,False,False,,,,,,50.697307333333335,,0,0
False,True,25.0,https://profi.ru/profile/FazylovLZ/,https://profi.ru/profile/FazylovLZ/,186.0,True,MALE,Нет гарантии,0,0,False,False,,,,,,50.632015,,0,0
True,False,7.0,https://profi.ru/profile/FedorovII24/,https://profi.ru/profile/FedorovII24/,54.0,True,MALE,Нет гарантии,"5,0",2,False,False,,,,,,50.7781965,,0,0
False,False,,https://profi.ru/profile/FedorovRV39/,https://profi.ru/profile/FedorovRV39/,57.0,True,MALE,Нет гарантии,0,0,False,False,,,,,,50.865704666666666,На сервисе с марта 2026 г,0,0
True,False,2.0,https://profi.ru/profile/FedorovskiyMV/,https://profi.ru/profile/FedorovskiyMV/,141.0,True,MALE,Нет гарантии,"5,0",1,False,False,,,,,,50.45247475,На сервисе с апреля 2024 г. (2 года),0,0
True,False,,https://profi.ru/profile/FidanNF/,https://profi.ru/profile/FidanNF/,125.0,True,,Нет гарантии,0,0,False,False,,,,,,50.46321014285714,,0,1
True,False,7.0,https://profi.ru/profile/FilippovMZ/,https://profi.ru/profile/FilippovMZ/,122.0,True,MALE,Нет гарантии,0,0,False,False,,,,,,50.785258999999996,На сервисе с ноября 2025 г,0,0
True,False,7.0,https://profi.ru/profile/FokeyevAA5/,https://profi.ru/profile/FokeyevAA5/,135.0,True,MALE,Нет гарантии,"5,0",18,False,False,350.0,Нет отзывов по вашей услуге,,,,50.4562495,На сервисе с ноября 2024 г. (1 год),6,5
True,False,5.0,https://profi.ru/profile/FomichevDA5/,https://profi.ru/profile/FomichevDA5/,110.0,True,MALE,Нет гарантии,"4,71",95,False,False,,Мало отзывов по вашей услуге,,,,50.776832000000006,На сервисе с мая 2021 г. (4 года),0,0
True,False,,https://profi.ru/profile/FyatkhRT/,https://profi.ru/profile/FyatkhRT/,142.0,True,MALE,Нет гарантии,"5,0",2,False,False,,,,,,50.749527666666665,На сервисе с декабря 2021 г. (4 года),0,0
,,,https://profi.ru/profile/GabdrakhmanovAR8/,https://profi.ru/profile/GabdrakhmanovAR8/,89.0,True,MALE,Нет гарантии,0,0,False,False,500.0,,,,,50.791476599999996,,2,0
False,True,3.0,https://profi.ru/profile/GabdrakhmanovEI/,https://profi.ru/profile/GabdrakhmanovEI/,65.0,True,MALE,Нет гарантии,"5,0",23,False,False,,Нет отзывов по вашей услуге,,,,50.794984,На сервисе с октября 2022 г. (3 года),0,1
True,False,7.0,https://profi.ru/profile/GabdurakhmanovRV/,https://profi.ru/profile/GabdurakhmanovRV/,156.0,True,MALE,Нет гарантии,"5,0",2,False,False,,,,,,50.73702,На сервисе с октября 2025 г,0,0
False,True,,https://profi.ru/profile/GabishevAA2/,https://profi.ru/profile/GabishevAA2/,141.0,True,MALE,Нет гарантии,0,0,False,False,,,,,,50.7439356,,0,0
True,False,20.0,https://profi.ru/profile/GabitovRR3/,https://profi.ru/profile/GabitovRR3/,133.0,True,MALE,Нет гарантии,"5,0",6,False,False,,Нет отзывов по вашей услуге,,,,50.506460600000004,На сервисе с апреля 2019 г. (7 лет),0,1
False,True,3.0,https://profi.ru/profile/GabsalyamovLI/,https://profi.ru/profile/GabsalyamovLI/,54.0,True,MALE,Нет гарантии,0,0,False,False,,,,,,50.749427999999995,,0,0
True,False,10.0,https://profi.ru/profile/GafarovIE2/,https://profi.ru/profile/GafarovIE2/,107.0,True,MALE,Нет гарантии,"5,0",3,False,False,500.0,,,,,50.658007,,0,49
True,False,5.0,https://profi.ru/profile/GaffarovRR4/,https://profi.ru/profile/GaffarovRR4/,155.0,True,MALE,Нет гарантии,"5,0",3,False,False,,,,,,50.679314,На сервисе с ноября 2020 г. (5 лет),0,7
False,True,,https://profi.ru/profile/GafiatullinRR/,https://profi.ru/profile/GafiatullinRR/,150.0,True,MALE,Нет гарантии,"5,0",13,False,False,,Нет отзывов по вашей услуге,,,,50.68264333333334,,6,0
True,False,24.0,https://profi.ru/profile/GafiyatulinII/,https://profi.ru/profile/GafiyatulinII/,167.0,True,MALE,Нет гарантии,0,0,False,False,500.0,,,,,50.4369465,,0,0
True,False,7.0,https://profi.ru/profile/GafurovAT12/,https://profi.ru/profile/GafurovAT12/,87.0,True,MALE,Нет гарантии,0,0,False,False,250.0,,,,,50.854767,На сервисе с декабря 2025 г,0,0
True,False,7.0,https://profi.ru/profile/GafurovIT4/,https://profi.ru/profile/GafurovIT4/,20.0,True,MALE,Нет гарантии,0,0,False,False,,,,,,50.970493,На сервисе с февраля 2026 г,0,0
True,False,7.0,https://profi.ru/profile/GainullinDV/,https://profi.ru/profile/GainullinDV/,96.0,False,MALE,Нет гарантии,"3,0",2,False,False,,,,,,50.687957999999995,На сервисе с февраля 2019 г. (7 лет),0,1
True,False,15.0,https://profi.ru/profile/GaisinRSh/,https://profi.ru/profile/GaisinRSh/,68.0,True,MALE,Нет гарантии,0,0,False,False,,,,,,50.7974285,,0,0
,,,https://profi.ru/profile/GakhramanovRG/,https://profi.ru/profile/GakhramanovRG/,94.0,True,,Нет гарантии,0,0,False,False,,,,,,50.7894,На сервисе с ноября 2025 г,0,4
True,False,7.0,https://profi.ru/profile/GaleevNF/,https://profi.ru/profile/GaleevNF/,125.0,True,MALE,Нет гарантии,"4,55",11,False,False,,Мало отзывов по вашей услуге,,,,50.49689357142857,,0,0
True,False,25.0,https://profi.ru/profile/GalimomRR/,https://profi.ru/profile/GalimomRR/,7.0,False,MALE,Нет гарантии,"4,50",18,False,False,,Нет отзывов по вашей услуге,,,,50.6419005,,0,8
False,True,18.0,https://profi.ru/profile/GalimovAA13/,https://profi.ru/profile/GalimovAA13/,129.0,True,MALE,Нет гарантии,"5,0",16,False,False,,,,,,50.53912428571429,,0,7
True,False,8.0,https://profi.ru/profile/GalimovRS7/,https://profi.ru/profile/GalimovRS7/,92.0,True,MALE,Нет гарантии,0,0,False,False,,,,,,50.7785095,На сервисе с февраля 2026 г,0,6
,,,https://profi.ru/profile/GalimullinNN2/,https://profi.ru/profile/GalimullinNN2/,58.0,True,MALE,Нет гарантии,"5,0",17,False,False,,,,,,50.80014,,0,0
True,False,7.0,https://profi.ru/profile/GalimullinRR8/,https://profi.ru/profile/GalimullinRR8/,74.0,True,MALE,Нет гарантии,"5,0",17,False,False,,,,,,50.544675,,6,15
False,False,,https://profi.ru/profile/GaliulinRG3/,https://profi.ru/profile/GaliulinRG3/,59.0,False,MALE,Нет гарантии,"5,0",2,False,False,,,,,,50.7214325,На сервисе с декабря 2025 г,0,0
False,False,11.0,https://profi.ru/profile/GaliullinAI7/,https://profi.ru/profile/GaliullinAI7/,137.0,False,MALE,По договоренности,"5,0",5,False,False,,Мало отзывов по вашей услуге,,,,50.473871,,0,0
False,True,10.0,https://profi.ru/profile/GaliullinDA/,https://profi.ru/profile/GaliullinDA/,165.0,True,MALE,Нет гарантии,0,0,False,False,,,5.0,,,50.62915133333333,,0,9
True,False,7.0,https://profi.ru/profile/GaliullinRT4/,https://profi.ru/profile/GaliullinRT4/,143.0,True,MALE,Нет гарантии,0,0,False,False,,,,,,50.69385,На сервисе с апреля 2026 г,0,0
True,False,7.0,https://profi.ru/profile/GaliullovRG/,https://profi.ru/profile/GaliullovRG/,80.0,True,MALE,Нет гарантии,0,0,False,False,,,,,,50.721985000000004,На сервисе с января 2026 г,0,0
False,True,4.0,https://profi.ru/profile/GaliyevII5/,https://profi.ru/profile/GaliyevII5/,52.0,True,MALE,Нет гарантии,0,0,False,False,,,,,,50.8131395,,0,3
False,False,15.0,https://profi.ru/profile/GallyamovIG/,https://profi.ru/profile/GallyamovIG/,79.0,True,MALE,Нет гарантии,"5,0",7,False,False,500.0,Мало отзывов по вашей услуге,,,,50.47737228571429,На сервисе с декабря 2023 г. (2 года),0,1
True,False,7.0,https://profi.ru/profile/GallyamovII3/,https://profi.ru/profile/GallyamovII3/,135.0,True,MALE,Нет гарантии,"5,0",1,False,False,,,,,,50.74901275,На сервисе с января 2025 г. (1 год),0,0
False,True,13.0,https://profi.ru/profile/GalumyanAV/,https://profi.ru/profile/GalumyanAV/,114.0,True,MALE,По договоренности,"4,95",501,False,False,,,,,,50.59001175,,6,8
True,False,7.0,https://profi.ru/profile/GalyaletdinovFF/,https://profi.ru/profile/GalyaletdinovFF/,149.0,True,MALE,Нет гарантии,0,0,False,False,,,,,,50.6999,На сервисе с января 2026 г,0,8
True,False,7.0,https://profi.ru/profile/GalyautdinovIN/,https://profi.ru/profile/GalyautdinovIN/,158.0,True,,Нет гарантии,"5,0",1,False,False,,,,,,50.670793333333336,На сервисе с апреля 2025 г. (1 год),0,0
True,False,7.0,https://profi.ru/profile/GaniyevII5/,https://profi.ru/profile/GaniyevII5/,81.0,True,MALE,Нет гарантии,0,0,False,False,,,,,,50.7980955,На сервисе с декабря 2024 г. (1 год),0,0
True,False,5.0,https://profi.ru/profile/GanskiiVV/,https://profi.ru/profile/GanskiiVV/,94.0,True,MALE,Нет гарантии,"5,0",27,False,False,,Мало отзывов по вашей услуге,,,,50.5207774,На сервисе с сентября 2020 г. (5 лет),0,0
False,False,5.0,https://profi.ru/profile/GarafutdinovRR3/,https://profi.ru/profile/GarafutdinovRR3/,134.0,True,MALE,Нет гарантии,"4,98",41,False,False,,,,,,50.48202488888889,На сервисе с июня 2021 г. (4 года),6,3
True,False,5.0,https://profi.ru/profile/GareishinAA2/,https://profi.ru/profile/GareishinAA2/,132.0,False,MALE,По договоренности,"5,0",5,False,False,,,10.0,,Договор,50.76164416666666,На сервисе с сентября 2021 г. (4 года),0,12
False,True,9.0,https://profi.ru/profile/GarifulinE-/,https://profi.ru/profile/GarifulinE-/,88.0,True,MALE,По договоренности,"4,96",340,False,False,,,,,,50.480551142857145,,0,8
False,True,8.0,https://profi.ru/profile/GarifullinAF9/,https://profi.ru/profile/GarifullinAF9/,76.0,True,MALE,Нет гарантии,"5,0",2,False,False,,,,,,50.7858435,,0,0
True,False,5.0,https://profi.ru/profile/GarifullinDD/,https://profi.ru/profile/GarifullinDD/,104.0,True,MALE,Нет гарантии,0,0,False,False,,,,,,50.682837,На сервисе с февраля 2026 г,0,0
True,False,8.0,https://profi.ru/profile/GarifullinDY/,https://profi.ru/profile/GarifullinDY/,131.0,True,MALE,Нет гарантии,"5,0",1,False,False,,,,,,50.502558,На сервисе с июля 2025 г,0,0
True,False,7.0,https://profi.ru/profile/GarifullinRA/,https://profi.ru/profile/GarifullinRA/,122.0,True,MALE,Нет гарантии,"5,0",3,False,False,,,,,,50.6836232,На сервисе с января 2019 г. (7 лет),0,8
True,False,7.0,https://profi.ru/profile/GarifullinRI4/,https://profi.ru/profile/GarifullinRI4/,87.0,True,MALE,Нет гарантии,0,0,False,False,,,,,,50.60343866666667,На сервисе с марта 2025 г. (1 год),0,0
True,False,2.0,https://profi.ru/profile/GaripovIR8/,https://profi.ru/profile/GaripovIR8/,136.0,True,MALE,Нет гарантии,"5,0",2,False,False,,,,,,50.55564763636364,На сервисе с июня 2024 г. (1 год),0,0
True,False,7.0,https://profi.ru/profile/GaripovRA4/,https://profi.ru/profile/GaripovRA4/,114.0,True,MALE,Нет гарантии,"5,0",3,False,False,,,,,,50.70009675,На сервисе с апреля 2019 г. (7 лет),0,0
False,False,3.0,https://profi.ru/profile/GaripovRG6/,https://profi.ru/profile/GaripovRG6/,38.0,True,MALE,Нет гарантии,"4,99",394,False,False,,,,,,50.542251,На сервисе с августа 2022 г. (3 года),0,4
True,False,8.0,https://profi.ru/profile/GaripovRM5/,https://profi.ru/profile/GaripovRM5/,127.0,True,MALE,Нет гарантии,"5,0",2,False,False,,,,,,50.57961909090909,На сервисе с августа 2024 г. (1 год),0,0
True,False,12.0,https://profi.ru/profile/GaripovRR23/,https://profi.ru/profile/GaripovRR23/,89.0,True,MALE,Нет гарантии,"3,67",9,False,False,,,,,,50.72342766666666,На сервисе с августа 2020 г. (5 лет),0,1
True,False,5.0,https://profi.ru/profile/GaripovRR56/,https://profi.ru/profile/GaripovRR56/,135.0,True,MALE,Нет гарантии,"5,0",2,False,False,,,,,,50.7465706,На сервисе с марта 2026 г,0,0
True,False,7.0,https://profi.ru/profile/GarkavyySA/,https://profi.ru/profile/GarkavyySA/,52.0,True,MALE,Нет гарантии,"5,0",3,False,False,,,,,,50.774127,На сервисе с октября 2025 г,0,0
False,False,5.0,https://profi.ru/profile/GataullinAI2/,https://profi.ru/profile/GataullinAI2/,54.0,True,MALE,Нет гарантии,"5,0",8,False,False,500.0,Нет отзывов по вашей услуге,,,,50.540494,На сервисе с июля 2025 г,0,0
True,False,24.0,https://profi.ru/profile/GataullinAI3/,https://profi.ru/profile/GataullinAI3/,141.0,True,MALE,Нет гарантии,"4,75",4,False,False,,,,,,50.759004600000004,,0,11
True,False,9.0,https://profi.ru/profile/GatinRR6/,https://profi.ru/profile/GatinRR6/,38.0,True,MALE,Нет гарантии,0,0,False,False,,,,,,50.909595,На сервисе с ноября 2025 г,0,0
False,True,17.0,https://profi.ru/profile/GavrilenkoMI3/,https://profi.ru/profile/GavrilenkoMI3/,34.0,False,MALE,Нет гарантии,"4,90",20,False,False,,Мало отзывов по вашей услуге,10.0,,,50.59485955555556,,1,24
True,False,4.0,https://profi.ru/profile/GavrilovAA76/,https://profi.ru/profile/GavrilovAA76/,86.0,True,MALE,Нет гарантии,"4,50",8,False,False,,,,,,50.671651499999996,На сервисе с августа 2022 г. (3 года),0,0
False,True,9.0,https://profi.ru/profile/GayanovRT/,https://profi.ru/profile/GayanovRT/,136.0,True,MALE,Нет гарантии,"4,81",16,False,False,600.0,,10.0,,,50.598128833333334,,0,12
False,True,20.0,https://profi.ru/profile/GayazovaZI/,https://profi.ru/profile/GayazovaZI/,142.0,True,FEMALE,Нет гарантии,"5,0",2,False,False,,,,,,50.381072499999995,,0,0
True,False,2.0,https://profi.ru/profile/GaynullinAR5/,https://profi.ru/profile/GaynullinAR5/,124.0,True,MALE,Нет гарантии,0,0,False,False,,,,,,50.75752166666666,На сервисе с сентября 2024 г. (1 год),0,0
True,False,5.0,https://profi.ru/profile/GaynullinII2/,https://profi.ru/profile/GaynullinII2/,147.0,True,,Нет гарантии,"4,80",20,False,False,,,,,,50.510323875,На сервисе с ноября 2023 г. (2 года),0,9
True,False,7.0,https://profi.ru/profile/GaynullinLA/,https://profi.ru/profile/GaynullinLA/,146.0,True,MALE,Нет гарантии,0,0,False,False,,,,,,50.69953266666666,На сервисе с апреля 2025 г. (1 год),0,0
False,False,,https://profi.ru/profile/GaysinRD/,https://profi.ru/profile/GaysinRD/,25.0,True,MALE,Нет гарантии,0,0,False,False,,,,,,50.957493,На сервисе с апреля 2026 г,0,0
True,False,7.0,https://profi.ru/profile/GerasimovPV7/,https://profi.ru/profile/GerasimovPV7/,2.0,True,MALE,Нет гарантии,"5,0",2,False,False,600.0,,,Есть страховка,,70.368218125,На сервисе с сентября 2025 г,0,0
True,False,7.0,https://profi.ru/profile/GetmanPV2/,https://profi.ru/profile/GetmanPV2/,68.0,True,MALE,Нет гарантии,"5,0",1,False,False,,,,,,50.5884066,На сервисе с апреля 2026 г,0,0
True,False,12.0,https://profi.ru/profile/GibadullinIR2/,https://profi.ru/profile/GibadullinIR2/,137.0,True,MALE,Нет гарантии,"5,0",1,False,False,,,10.0,,,50.687688,,0,7
False,True,,https://profi.ru/profile/GilemhanovFA/,https://profi.ru/profile/GilemhanovFA/,110.0,True,MALE,По договоренности,"4,91",11,False,False,400.0,Мало отзывов по вашей услуге,10.0,,,50.7345855,,2,0
True,True,7.0,https://profi.ru/profile/GilmanovRF3/,https://profi.ru/profile/GilmanovRF3/,78.0,True,,Нет гарантии,"5,0",2,False,False,,,,,,50.60828190909091,,12,96
False,False,,https://profi.ru/profile/GilmanovaMS2/,https://profi.ru/profile/GilmanovaMS2/,100.0,False,FEMALE,Нет гарантии,"5,0",1,False,False,1000.0,,,,,50.45607142857143,На сервисе с ноября 2025 г,0,0
False,False,6.0,https://profi.ru/profile/GilmutdinovIN2/,https://profi.ru/profile/GilmutdinovIN2/,104.0,True,,Нет гарантии,"5,0",43,False,False,,,,,,50.7419575,,0,0
True,False,6.0,https://profi.ru/profile/GilmutdinovMA2/,https://profi.ru/profile/GilmutdinovMA2/,124.0,True,MALE,Нет гарантии,"4,21",14,False,False,,,10.0,,,50.69751971428571,,0,1
True,False,1.0,https://profi.ru/profile/GilyazovSR2/,https://profi.ru/profile/GilyazovSR2/,149.0,True,MALE,Нет гарантии,"5,0",1,False,False,,,,,,50.6533815,На сервисе с января 2025 г. (1 год),0,10
True,False,24.0,https://profi.ru/profile/GimadievRR3/,https://profi.ru/profile/GimadievRR3/,56.0,True,MALE,Нет гарантии,"5,0",1,False,False,,,,,,50.70638,,0,1
True,False,5.0,https://profi.ru/profile/GimaldinovIA/,https://profi.ru/profile/GimaldinovIA/,122.0,True,MALE,Нет гарантии,0,0,False,False,,,,,,50.464230625,На сервисе с ноября 2024 г. (1 год),0,0
True,False,5.0,https://profi.ru/profile/GimatdinovIR/,https://profi.ru/profile/GimatdinovIR/,121.0,True,MALE,Нет гарантии,"4,80",20,False,False,,,,,,50.713369666666665,На сервисе с января 2021 г. (5 лет),0,0
True,False,7.0,https://profi.ru/profile/GinedullinAM/,https://profi.ru/profile/GinedullinAM/,113.0,True,MALE,Нет гарантии,"5,0",1,False,False,,,,,,50.7522352,На сервисе с декабря 2025 г,0,0
True,False,15.0,https://profi.ru/profile/GiniyatullinMI/,https://profi.ru/profile/GiniyatullinMI/,157.0,True,MALE,Нет гарантии,0,0,False,False,,,,,,50.71816933333334,,0,7
True,False,5.0,https://profi.ru/profile/GizdatullinTF/,https://profi.ru/profile/GizdatullinTF/,128.0,True,MALE,Нет гарантии,0,0,False,False,,,,,,50.769005,На сервисе с марта 2026 г,0,0
True,False,15.0,https://profi.ru/profile/GnevanovVV/,https://profi.ru/profile/GnevanovVV/,155.0,False,MALE,По договоренности,"5,0",2,False,False,,,,,Договор,50.707088999999996,,0,4
True,False,7.0,https://profi.ru/profile/GolubevAE12/,https://profi.ru/profile/GolubevAE12/,166.0,True,MALE,Нет гарантии,0,0,False,False,,,,,,50.552765375,На сервисе с апреля 2026 г,0,0
False,True,5.0,https://profi.ru/profile/GolubevDA36/,https://profi.ru/profile/GolubevDA36/,120.0,True,MALE,Нет гарантии,"5,0",3,False,False,600.0,,,,,50.6729335,,0,0
False,False,6.0,https://profi.ru/profile/GorchakovAM2/,https://profi.ru/profile/GorchakovAM2/,118.0,True,MALE,Нет гарантии,"1,0",1,False,False,,,,,,50.672579999999996,На сервисе с октября 2025 г,0,0
True,False,7.0,https://profi.ru/profile/GrekovKY/,https://profi.ru/profile/GrekovKY/,142.0,True,MALE,Нет гарантии,"5,0",1,False,False,,,,,,50.69385,На сервисе с января 2026 г,0,0
False,True,,https://profi.ru/profile/GrigoryevAO18/,https://profi.ru/profile/GrigoryevAO18/,140.0,True,MALE,Нет гарантии,"5,0",5,False,False,,Нет отзывов по вашей услуге,,,,50.432393000000005,,10,5
True,False,7.0,https://profi.ru/profile/GrinevSV7/,https://profi.ru/profile/GrinevSV7/,188.0,True,MALE,Нет гарантии,"5,0",3,False,False,,,10.0,,,50.354015,На сервисе с марта 2026 г,0,0
False,False,,https://profi.ru/profile/GrishkovDN2/,https://profi.ru/profile/GrishkovDN2/,109.0,True,MALE,Нет гарантии,"5,0",7,False,False,,,,,,50.779971999999994,На сервисе с апреля 2022 г. (4 года),3,4
False,True,15.0,https://profi.ru/profile/GudochkinEN/,https://profi.ru/profile/GudochkinEN/,88.0,True,MALE,Нет гарантии,"5,0",1,False,False,,,,,,50.782255,,0,5
False,True,16.0,https://profi.ru/profile/GumerovRR27/,https://profi.ru/profile/GumerovRR27/,154.0,True,MALE,Нет гарантии,"5,0",2,False,False,,,,,,50.56984333333334,,3,0
False,True,,https://profi.ru/profile/GuvakovMD/,https://profi.ru/profile/GuvakovMD/,13.0,False,MALE,По договоренности,"4,94",62,False,False,,Мало отзывов по вашей услуге,10.0,,,50.58908891666667,,0,0
True,False,5.0,https://profi.ru/profile/GuzayerovIR/,https://profi.ru/profile/GuzayerovIR/,116.0,True,MALE,Нет гарантии,0,0,False,False,,,,,,50.7697875,,0,0
False,False,7.0,https://profi.ru/profile/HaibullinRU/,https://profi.ru/profile/HaibullinRU/,48.0,True,MALE,Нет гарантии,"4,89",38,False,False,,Мало отзывов по вашей услуге,,,,50.591248300000004,На сервисе с сентября 2019 г. (6 лет),4,12
True,False,7.0,https://profi.ru/profile/HairulinDZ/,https://profi.ru/profile/HairulinDZ/,121.0,True,MALE,Нет гарантии,"4,81",184,False,False,,,,,,50.5939641,На сервисе с июня 2019 г. (6 лет),0,1
False,False,5.0,https://profi.ru/profile/HarrasovRR3/,https://profi.ru/profile/HarrasovRR3/,59.0,True,MALE,По договоренности,"5,0",47,False,False,,,,,Договор,50.78321333333334,На сервисе с августа 2021 г. (4 года),0,11
True,False,7.0,https://profi.ru/profile/HasanovAD4/,https://profi.ru/profile/HasanovAD4/,30.0,True,MALE,Нет гарантии,"4,60",10,False,False,,Нет отзывов по вашей услуге,,,,50.937073,На сервисе с марта 2020 г. (6 лет),0,0
False,False,7.0,https://profi.ru/profile/HasanzyanovIA/,https://profi.ru/profile/HasanzyanovIA/,42.0,True,MALE,Нет гарантии,"5,0",9,False,False,,Нет отзывов по вашей услуге,,,,50.883347,,0,0
,,,https://profi.ru/profile/HibatullinIN/,https://profi.ru/profile/HibatullinIN/,103.0,True,MALE,Нет гарантии,"4,96",169,False,False,,,,,,50.753488375,На сервисе с августа 2020 г. (5 лет),1,0
True,False,7.0,https://profi.ru/profile/HisamievIR/,https://profi.ru/profile/HisamievIR/,92.0,True,MALE,По договоренности,"5,0",4,False,False,,,,,,50.687957999999995,На сервисе с января 2019 г. (7 лет),0,0
True,False,14.0,https://profi.ru/profile/HisamutdinovII/,https://profi.ru/profile/HisamutdinovII/,92.0,True,MALE,«1 год»,"4,93",43,False,False,400.0,,,,,50.73401466666667,,0,0
True,False,16.0,https://profi.ru/profile/HusainovAF/,https://profi.ru/profile/HusainovAF/,97.0,True,MALE,По договоренности,"5,0",107,False,False,350.0,,,,,50.6112488,,0,7
True,False,7.0,https://profi.ru/profile/HusainovBA2/,https://profi.ru/profile/HusainovBA2/,158.0,True,MALE,Нет гарантии,0,0,False,False,,,,,,50.63220333333334,На сервисе с марта 2020 г. (6 лет),3,0
True,False,7.0,https://profi.ru/profile/IbatovEM/,https://profi.ru/profile/IbatovEM/,140.0,True,MALE,Нет гарантии,0,0,False,False,,,,,,50.69578733333333,На сервисе с апреля 2024 г. (2 года),0,0
,,,https://profi.ru/profile/IbatullinAN2/,https://profi.ru/profile/IbatullinAN2/,89.0,True,MALE,Нет гарантии,"4,91",22,False,False,,,,,,50.53003533333333,,0,1
False,False,16.0,https://profi.ru/profile/IbragimovMV/,https://profi.ru/profile/IbragimovMV/,133.0,True,MALE,Нет гарантии,"4,97",116,False,False,,,,,,50.58261311111111,,33,0
True,False,3.0,https://profi.ru/profile/IbragimovRF17/,https://profi.ru/profile/IbragimovRF17/,96.0,True,MALE,Нет гарантии,"5,0",34,False,False,,Мало отзывов по вашей услуге,,,,50.51808225,На сервисе с августа 2023 г. (2 года),0,0
True,False,9.0,https://profi.ru/profile/IgorMV2/,https://profi.ru/profile/IgorMV2/,102.0,True,,Нет гарантии,"4,75",4,False,False,,,,,,50.774485,,0,0
True,False,7.0,https://profi.ru/profile/IlinAA170/,https://profi.ru/profile/IlinAA170/,153.0,True,MALE,Нет гарантии,0,0,False,False,,,,,,50.607995,На сервисе с мая 2025 г,0,0
True,False,11.0,https://profi.ru/profile/IlinMI/,https://profi.ru/profile/IlinMI/,106.0,False,MALE,Нет гарантии,0,0,False,False,400.0,,,,,50.772985,,0,0
True,False,23.0,https://profi.ru/profile/ImanovRV/,https://profi.ru/profile/ImanovRV/,129.0,True,MALE,«От 6 месяцев до 1 года»,"4,89",37,False,False,,Мало отзывов по вашей услуге,,,,50.50635777777778,,5,22
True,False,6.0,https://profi.ru/profile/IsmagilovBZ/,https://profi.ru/profile/IsmagilovBZ/,77.0,True,MALE,Нет гарантии,0,0,False,False,,,,,,50.7402435,На сервисе с июня 2020 г. (5 лет),0,0
False,False,7.0,https://profi.ru/profile/IsmagilovII9/,https://profi.ru/profile/IsmagilovII9/,34.0,True,MALE,Нет гарантии,0,0,False,False,,,,,,50.8210565,,0,0
False,True,7.0,https://profi.ru/profile/IsmagilovIR14/,https://profi.ru/profile/IsmagilovIR14/,176.0,True,MALE,Нет гарантии,0,0,False,False,,,,,,50.622092,,0,0
True,False,7.0,https://profi.ru/profile/IsmagilovRF/,https://profi.ru/profile/IsmagilovRF/,95.0,True,MALE,По договоренности,"4,60",10,False,False,500.0,Мало отзывов по вашей услуге,,,Договор,50.783094500000004,На сервисе с ноября 2019 г. (6 лет),0,11
True,False,7.0,https://profi.ru/profile/IsmagilovRR41/,https://profi.ru/profile/IsmagilovRR41/,114.0,True,MALE,Нет гарантии,"4,73",15,False,False,500.0,,,,,50.509053333333334,,0,5
True,False,3.0,https://profi.ru/profile/IvankovAI4/,https://profi.ru/profile/IvankovAI4/,151.0,True,MALE,Нет гарантии,"5,0",8,False,False,500.0,,,,,50.80004,На сервисе с марта 2023 г. (3 года),0,12
True,False,6.0,https://profi.ru/profile/IvankovAS18/,https://profi.ru/profile/IvankovAS18/,115.0,True,MALE,Нет гарантии,0,0,False,False,,,,,,50.7524182,На сервисе с апреля 2026 г,0,0
False,True,18.0,https://profi.ru/profile/IvanovAA467/,https://profi.ru/profile/IvanovAA467/,132.0,True,,Нет гарантии,0,0,False,False,,,,,,50.804928,,0,0
,,,https://profi.ru/profile/IvanovRA82/,https://profi.ru/profile/IvanovRA82/,80.0,True,MALE,Нет гарантии,"4,89",9,False,False,,Нет отзывов по вашей услуге,,,,50.77639375,На сервисе с ноября 2020 г. (5 лет),0,0
False,True,15.0,https://profi.ru/profile/IvanovVV588/,https://profi.ru/profile/IvanovVV588/,144.0,True,MALE,Нет гарантии,0,0,False,False,,,10.0,,,50.658736000000005,,0,0
True,False,7.0,https://profi.ru/profile/KadamovRS2/,https://profi.ru/profile/KadamovRS2/,148.0,True,MALE,Нет гарантии,0,0,False,False,,,,,,50.6105375,На сервисе с октября 2025 г,0,0
True,True,11.0,https://profi.ru/profile/KadyrovAA48/,https://profi.ru/profile/KadyrovAA48/,115.0,True,MALE,Нет гарантии,"5,0",12,False,False,300.0,,,,,50.525914888888884,,0,8
True,False,3.0,https://profi.ru/profile/KagarmanovAN/,https://profi.ru/profile/KagarmanovAN/,155.0,True,MALE,Нет гарантии,0,0,False,False,,,,,,50.633183333333335,На сервисе с сентября 2023 г. (2 года),0,0
True,False,5.0,https://profi.ru/profile/KagirovAR3/,https://profi.ru/profile/KagirovAR3/,27.0,True,MALE,Нет гарантии,0,0,False,False,,,,,,50.749786,На сервисе с февраля 2026 г,0,0
True,False,7.0,https://profi.ru/profile/KalimullinMM3/,https://profi.ru/profile/KalimullinMM3/,54.0,True,MALE,Нет гарантии,"5,0",2,False,False,,,,,,50.54174175,,0,7
False,True,32.0,https://profi.ru/profile/KalimullinRR30/,https://profi.ru/profile/KalimullinRR30/,121.0,True,MALE,Нет гарантии,0,0,False,False,,,,,,50.730169999999994,,0,0
True,False,16.0,https://profi.ru/profile/KamaletdinovAR/,https://profi.ru/profile/KamaletdinovAR/,155.0,False,MALE,По договоренности,"4,0",2,False,False,100.0,,,,,50.48505533333333,,0,1
False,True,,https://profi.ru/profile/KamaliyevAD2/,https://profi.ru/profile/KamaliyevAD2/,60.0,True,MALE,Нет гарантии,"5,0",5,False,False,,Мало отзывов по вашей услуге,5.0,,,50.7669255,,0,0
True,False,7.0,https://profi.ru/profile/KamaliyevSR/,https://profi.ru/profile/KamaliyevSR/,112.0,True,MALE,Нет гарантии,0,0,False,False,,,,,,50.7681258,На сервисе с апреля 2025 г. (1 год),0,0
False,True,16.0,https://profi.ru/profile/KamalovMR4/,https://profi.ru/profile/KamalovMR4/,136.0,True,MALE,Нет гарантии,0,0,False,False,300.0,,5.0,,,50.665234,,0,0
False,True,,https://profi.ru/profile/KamaltdinovAG/,https://profi.ru/profile/KamaltdinovAG/,134.0,True,MALE,Нет гарантии,0,0,False,False,,,,,,50.7603444,,0,0
True,False,30.0,https://profi.ru/profile/KamashevLV/,https://profi.ru/profile/KamashevLV/,127.0,True,MALE,Нет гарантии,"5,0",6,False,False,,,,,,50.557089727272725,На сервисе с июня 2025 г,0,2
,,,https://profi.ru/profile/KambarovAT/,https://profi.ru/profile/KambarovAT/,150.0,False,MALE,«1 год»,"4,82",84,False,False,500.0,,,,,50.47464057142857,,0,2
True,False,7.0,https://profi.ru/profile/KandinOA/,https://profi.ru/profile/KandinOA/,141.0,True,MALE,Нет гарантии,0,0,False,False,,,,,,50.726903750000005,На сервисе с января 2026 г,0,0
True,False,5.0,https://profi.ru/profile/KapsuzyanAV/,https://profi.ru/profile/KapsuzyanAV/,144.0,True,MALE,Нет гарантии,0,0,False,False,,,,,,50.701849,На сервисе с марта 2026 г,0,0
True,False,12.0,https://profi.ru/profile/KarimovFF10/,https://profi.ru/profile/KarimovFF10/,150.0,True,MALE,Нет гарантии,"4,60",5,False,False,,,,,,50.5168709,,0,16
True,False,7.0,https://profi.ru/profile/KarimullinIM3/,https://profi.ru/profile/KarimullinIM3/,110.0,True,MALE,Нет гарантии,0,0,False,False,,,,,,50.765926,На сервисе с апреля 2026 г,0,0
False,False,20.0,https://profi.ru/profile/KaripovRF3/,https://profi.ru/profile/KaripovRF3/,56.0,True,MALE,Нет гарантии,"4,97",141,False,False,,,5.0,Есть страховка,,57.25940241666666,На сервисе с июля 2025 г,4,47
False,False,7.0,https://profi.ru/profile/KarneevUB/,https://profi.ru/profile/KarneevUB/,21.0,True,MALE,Нет гарантии,"5,0",23,False,False,,,,,,50.58362363636363,На сервисе с октября 2019 г. (6 лет),0,2
True,False,7.0,https://profi.ru/profile/KarpovAO25/,https://profi.ru/profile/KarpovAO25/,125.0,True,MALE,Нет гарантии,0,0,False,False,,,,,,50.74000675,На сервисе с апреля 2026 г,0,0
False,False,26.0,https://profi.ru/profile/KashapovIV/,https://profi.ru/profile/KashapovIV/,163.0,True,MALE,Нет гарантии,"5,0",2,False,False,1500.0,,,,,50.643314,,0,0
,,,https://profi.ru/profile/KashapovNF/,https://profi.ru/profile/KashapovNF/,178.0,True,MALE,Нет гарантии,0,0,False,False,,,,,,50.691083,На сервисе с октября 2021 г. (4 года),0,0
True,False,4.0,https://profi.ru/profile/KashayevAY/,https://profi.ru/profile/KashayevAY/,146.0,True,MALE,Нет гарантии,"5,0",1,False,False,,,,,,50.37664933333334,На сервисе с ноября 2021 г. (4 года),0,0
True,False,7.0,https://profi.ru/profile/KasyanovAG7/,https://profi.ru/profile/KasyanovAG7/,140.0,True,MALE,Нет гарантии,"5,0",3,False,False,,,5.0,,,50.42030785714286,На сервисе с октября 2025 г,0,0
False,False,9.0,https://profi.ru/profile/KayumovEA2/,https://profi.ru/profile/KayumovEA2/,151.0,True,,Нет гарантии,0,0,False,False,,,,,,50.72963033333334,,1,0
True,False,4.0,https://profi.ru/profile/KayumovLF/,https://profi.ru/profile/KayumovLF/,61.0,True,MALE,Нет гарантии,"5,0",132,False,False,,,,,,50.80014,На сервисе с июня 2022 г. (3 года),0,0
True,False,15.0,https://profi.ru/profile/KenzhayevTI/,https://profi.ru/profile/KenzhayevTI/,102.0,True,MALE,Нет гарантии,"5,0",5,False,False,100.0,,10.0,,,50.5964145,,0,27
False,True,,https://profi.ru/profile/KhabibullinDI/,https://profi.ru/profile/KhabibullinDI/,45.0,False,MALE,По договоренности,"4,88",48,False,False,,Нет отзывов по вашей услуге,,,Договор,50.571039999999996,,2,0
False,True,,https://profi.ru/profile/KhabibullinR/,https://profi.ru/profile/KhabibullinR/,53.0,False,,Нет гарантии,0,0,False,False,,,,,,50.75496,,2,0
True,False,4.0,https://profi.ru/profile/KhabibullinTA5/,https://profi.ru/profile/KhabibullinTA5/,142.0,True,,Нет гарантии,"5,0",29,False,False,,,,,,50.540558555555556,На сервисе с июня 2025 г,9,47
True,False,8.0,https://profi.ru/profile/KhadiullinAN/,https://profi.ru/profile/KhadiullinAN/,85.0,False,MALE,Нет гарантии,"5,0",5,False,False,,,,,,50.77609566666666,На сервисе с ноября 2025 г,3,25
,,,https://profi.ru/profile/KhafizovER4/,https://profi.ru/profile/KhafizovER4/,88.0,True,MALE,Нет гарантии,"5,0",3,False,False,,,,,,50.768051,На сервисе с марта 2026 г,0,0
True,False,33.0,https://profi.ru/profile/KhafizovRI5/,https://profi.ru/profile/KhafizovRI5/,140.0,True,MALE,Нет гарантии,0,0,False,False,,,,,,50.6225185,,0,0
True,False,9.0,https://profi.ru/profile/KhairtdinovRI/,https://profi.ru/profile/KhairtdinovRI/,141.0,True,MALE,Нет гарантии,"5,0",5,False,False,,Нет отзывов по вашей услуге,,,,50.62701633333333,,1,0
True,False,10.0,https://profi.ru/profile/KhakimovRF6/,https://profi.ru/profile/KhakimovRF6/,132.0,True,MALE,Нет гарантии,0,0,False,False,,,15.0,,,50.6675525,,0,0
False,True,,https://profi.ru/profile/KhalitovAA5/,https://profi.ru/profile/KhalitovAA5/,86.0,True,MALE,Нет гарантии,"5,0",1,False,False,,,,,,50.513587375,,0,0
True,False,7.0,https://profi.ru/profile/KhaliullinIA2/,https://profi.ru/profile/KhaliullinIA2/,77.0,True,MALE,Нет гарантии,"5,0",12,False,False,,,,,,50.5939637,На сервисе с января 2026 г,0,0
True,True,,https://profi.ru/profile/KhamzinRR7/,https://profi.ru/profile/KhamzinRR7/,42.0,True,MALE,Нет гарантии,"5,0",2,False,False,,,,,,50.8104785,,0,0
True,False,7.0,https://profi.ru/profile/KhasanovRN18/,https://profi.ru/profile/KhasanovRN18/,49.0,False,MALE,По договоренности,"5,0",13,False,False,,Нет отзывов по вашей услуге,,,Договор,50.561536857142855,На сервисе с июля 2025 г,0,0
True,False,7.0,https://profi.ru/profile/KhasanovSM19/,https://profi.ru/profile/KhasanovSM19/,162.0,True,,Нет гарантии,0,0,False,False,,,,,,50.452474555555554,На сервисе с января 2026 г,0,0
True,False,2.0,https://profi.ru/profile/KhasbiyevII2/,https://profi.ru/profile/KhasbiyevII2/,29.0,True,,Нет гарантии,0,0,False,False,,,,,,50.95879,На сервисе с марта 2024 г. (2 года),0,0
False,True,4.0,https://profi.ru/profile/KhashadAA/,https://profi.ru/profile/KhashadAA/,148.0,False,,По договоренности,"4,91",494,False,False,1000.0,,,,Договор,50.7047004,На сервисе с января 2022 г. (4 года),1,27
True,False,,https://profi.ru/profile/KhaybullinRM/,https://profi.ru/profile/KhaybullinRM/,84.0,False,MALE,По договоренности,"5,0",49,False,False,900.0,,,,Договор,50.600278,,0,26
True,False,8.0,https://profi.ru/profile/KhayrullinMG2/,https://profi.ru/profile/KhayrullinMG2/,60.0,True,,Нет гарантии,0,0,False,False,,,,,,50.828306,,0,11
True,False,7.0,https://profi.ru/profile/KhayrullinRI12/,https://profi.ru/profile/KhayrullinRI12/,85.0,True,MALE,Нет гарантии,"5,0",3,False,False,,,,,,50.550743777777775,На сервисе с апреля 2025 г. (1 год),0,0
True,False,21.0,https://profi.ru/profile/KhayrullinRR17/,https://profi.ru/profile/KhayrullinRR17/,98.0,False,MALE,По договоренности,0,0,False,False,,,5.0,,Договор,50.7995815,,0,0
True,False,10.0,https://profi.ru/profile/KhayrullinRR18/,https://profi.ru/profile/KhayrullinRR18/,108.0,True,MALE,Нет гарантии,"5,0",9,False,False,,Мало отзывов по вашей услуге,,,,50.77647066666666,На сервисе с декабря 2024 г. (1 год),1,0
False,True,,https://profi.ru/profile/KhayrullovDA/,https://profi.ru/profile/KhayrullovDA/,64.0,True,MALE,Нет гарантии,"5,0",1,False,False,,,50.0,,,50.722584,,0,6
True,False,7.0,https://profi.ru/profile/KhisamovKI/,https://profi.ru/profile/KhisamovKI/,132.0,True,MALE,Нет гарантии,"5,0",2,False,False,,,,,,50.75840625,На сервисе с июля 2025 г,0,3
True,False,7.0,https://profi.ru/profile/KhismatullinIA2/,https://profi.ru/profile/KhismatullinIA2/,184.0,True,MALE,Нет гарантии,"5,0",1,False,False,,,,,,50.621314999999996,На сервисе с апреля 2025 г. (1 год),0,0
True,False,7.0,https://profi.ru/profile/KhodovTR/,https://profi.ru/profile/KhodovTR/,169.0,True,MALE,Нет гарантии,0,0,False,False,200.0,,,,,50.62519966666667,На сервисе с сентября 2025 г,0,0
True,False,4.0,https://profi.ru/profile/KhristolyubovYA/,https://profi.ru/profile/KhristolyubovYA/,101.0,True,MALE,Нет гарантии,0,0,False,False,,,,,,50.793760000000006,На сервисе с декабря 2021 г. (4 года),0,7
True,False,5.0,https://profi.ru/profile/KhrushchevNA2/,https://profi.ru/profile/KhrushchevNA2/,58.0,True,MALE,Нет гарантии,0,0,False,False,,,,,,50.745945000000006,На сервисе с января 2026 г,0,0
True,False,5.0,https://profi.ru/profile/KhrustalevVA7/,https://profi.ru/profile/KhrustalevVA7/,110.0,True,MALE,Нет гарантии,0,0,False,False,,,,,,50.77112066666667,На сервисе с февраля 2026 г,0,0
False,True,7.0,https://profi.ru/profile/KhudoynazarovOK2/,https://profi.ru/profile/KhudoynazarovOK2/,65.0,True,MALE,Нет гарантии,"4,65",17,False,False,,Нет отзывов по вашей услуге,10.0,,,50.7984915,,1,0
True,False,5.0,https://profi.ru/profile/KhurtinAA3/,https://profi.ru/profile/KhurtinAA3/,88.0,True,MALE,Нет гарантии,0,0,False,False,,,,,,50.7888418,,0,0
False,True,3.0,https://profi.ru/profile/KhusainovAR10/,https://profi.ru/profile/KhusainovAR10/,112.0,True,MALE,Нет гарантии,0,0,False,False,1000.0,,,,,50.6877985,,0,0
True,False,4.0,https://profi.ru/profile/KhusnetdinovIM/,https://profi.ru/profile/KhusnetdinovIM/,120.0,True,MALE,Нет гарантии,"5,0",25,False,False,,,,,,50.56473172727272,На сервисе с октября 2022 г. (3 года),1,0
True,False,7.0,https://profi.ru/profile/KhusnullinRI/,https://profi.ru/profile/KhusnullinRI/,142.0,True,,Нет гарантии,0,0,False,False,,,,,,50.7411215,На сервисе с октября 2025 г,0,0
False,True,15.0,https://profi.ru/profile/KhusnutdinovAK/,https://profi.ru/profile/KhusnutdinovAK/,157.0,True,MALE,Нет гарантии,0,0,False,False,,,,,,50.63567166666667,,5,19
True,False,7.0,https://profi.ru/profile/KindyukovMV/,https://profi.ru/profile/KindyukovMV/,169.0,True,MALE,Нет гарантии,"5,0",3,False,False,,,,,,50.80003,На сервисе с июля 2025 г,0,0
True,False,2.0,https://profi.ru/profile/KinzyabayevDL/,https://profi.ru/profile/KinzyabayevDL/,92.0,True,,Нет гарантии,"5,0",4,False,False,,,,,,50.834195,На сервисе с августа 2024 г. (1 год),0,0
,,,https://profi.ru/profile/KirillovAA99/,https://profi.ru/profile/KirillovAA99/,58.0,True,MALE,Нет гарантии,0,0,False,False,,,,,,50.769249,На сервисе с ноября 2025 г,12,6
True,True,9.0,https://profi.ru/profile/KlykovYA3/,https://profi.ru/profile/KlykovYA3/,88.0,True,MALE,Нет гарантии,"5,0",3,False,False,,,,,,50.43119016666666,,7,0
,,,https://profi.ru/profile/KolchinMY/,https://profi.ru/profile/KolchinMY/,96.0,True,MALE,Нет гарантии,0,0,False,False,,,,,,50.7814376,На сервисе с марта 2026 г,2,0
True,True,7.0,https://profi.ru/profile/KolsanovVS/,https://profi.ru/profile/KolsanovVS/,72.0,False,MALE,По договоренности,"4,99",230,True,False,,,,,,50.777637399999996,,0,0
True,False,26.0,https://profi.ru/profile/KondratAV/,https://profi.ru/profile/KondratAV/,138.0,True,MALE,Нет гарантии,"4,85",125,False,False,,Мало отзывов по вашей услуге,,,,50.73052225,,0,4
True,False,8.0,https://profi.ru/profile/KonevAV4/,https://profi.ru/profile/KonevAV4/,92.0,True,MALE,Нет гарантии,0,0,False,False,1500.0,,10.0,,,50.687957999999995,,1,11
True,False,1.0,https://profi.ru/profile/KonyukhovSV/,https://profi.ru/profile/KonyukhovSV/,145.0,True,MALE,Нет гарантии,"5,0",2,False,False,,,,,,50.47923844444444,На сервисе с марта 2023 г. (3 года),1,13
True,False,7.0,https://profi.ru/profile/KordyukovAA2/,https://profi.ru/profile/KordyukovAA2/,151.0,True,MALE,Нет гарантии,0,0,False,False,,,,,,50.683406999999995,На сервисе с марта 2026 г,0,0
False,True,10.0,https://profi.ru/profile/KornilovAU5/,https://profi.ru/profile/KornilovAU5/,127.0,True,MALE,Нет гарантии,"5,0",2,False,False,,,,,,50.57373533333333,,0,0
False,False,,https://profi.ru/profile/KorostelevNS5/,https://profi.ru/profile/KorostelevNS5/,108.0,True,MALE,Нет гарантии,0,0,False,False,,,,,,50.770436000000004,На сервисе с января 2026 г,0,14
True,False,7.0,https://profi.ru/profile/KorsakovVA4/,https://profi.ru/profile/KorsakovVA4/,39.0,True,MALE,Нет гарантии,0,0,False,False,,,,,,50.90671,На сервисе с апреля 2026 г,0,0
False,True,13.0,https://profi.ru/profile/KorshunovKA9/,https://profi.ru/profile/KorshunovKA9/,125.0,True,MALE,Нет гарантии,0,0,False,False,,,,,,50.49662314285714,,0,0
False,True,,https://profi.ru/profile/KoshkinPV2/,https://profi.ru/profile/KoshkinPV2/,97.0,True,MALE,Нет гарантии,"5,0",1,False,False,,,,,,50.51938855555555,,0,0
True,False,7.0,https://profi.ru/profile/KotdusovLG/,https://profi.ru/profile/KotdusovLG/,28.0,True,MALE,Нет гарантии,"5,0",2,False,False,,,,,,50.943207,На сервисе с июля 2024 г. (1 год),0,0
False,True,5.0,https://profi.ru/profile/KovalenkoKO5/,https://profi.ru/profile/KovalenkoKO5/,137.0,False,MALE,По договоренности,0,0,False,False,,,,,Договор,50.640026,,3,37
False,False,10.0,https://profi.ru/profile/KozhevnikovOS5/,https://profi.ru/profile/KozhevnikovOS5/,38.0,True,MALE,Нет гарантии,"5,0",7,False,False,,Мало отзывов по вашей услуге,,,,50.815545,На сервисе с апреля 2025 г. (1 год),0,3
True,False,7.0,https://profi.ru/profile/KrasnovDV5/,https://profi.ru/profile/KrasnovDV5/,154.0,True,MALE,По договоренности,"5,0",29,False,False,250.0,Мало отзывов по вашей услуге,,,,50.37042733333333,На сервисе с ноября 2018 г. (7 лет),0,3
False,False,,https://profi.ru/profile/KrasnovMA23/,https://profi.ru/profile/KrasnovMA23/,154.0,True,MALE,Нет гарантии,"5,0",1,False,False,,,,,,50.68381366666667,На сервисе с января 2025 г. (1 год),0,0
False,False,13.0,https://profi.ru/profile/KrasnovRR/,https://profi.ru/profile/KrasnovRR/,156.0,True,MALE,«Гарантия на Услуги от 30 дней»,"4,82",116,False,False,500.0,Мало отзывов по вашей услуге,10.0,,,50.61410825,,6,0
True,False,5.0,https://profi.ru/profile/KrayevskiyIA2/,https://profi.ru/profile/KrayevskiyIA2/,152.0,True,MALE,Нет гарантии,0,0,False,False,,,,,,50.651869,На сервисе с марта 2026 г,0,0
True,False,1.0,https://profi.ru/profile/KraynovDV3/,https://profi.ru/profile/KraynovDV3/,94.0,True,MALE,Нет гарантии,"3,0",1,False,False,2000.0,,,,,50.7814376,На сервисе с марта 2025 г. (1 год),0,0
True,True,7.0,https://profi.ru/profile/KraynovPV2/,https://profi.ru/profile/KraynovPV2/,0.0,True,MALE,Нет гарантии,"5,0",21,False,False,,Мало отзывов по вашей услуге,10.0,Есть страховка,,70.61884025,,0,9
True,False,5.0,https://profi.ru/profile/KrinitsynIM/,https://profi.ru/profile/KrinitsynIM/,170.0,True,MALE,Нет гарантии,0,0,False,False,,,,,,50.662497,На сервисе с января 2026 г,0,0
False,True,,https://profi.ru/profile/KruglovVV30/,https://profi.ru/profile/KruglovVV30/,76.0,True,MALE,Нет гарантии,"5,0",3,False,False,,,,,,50.515280375,,0,0
True,False,20.0,https://profi.ru/profile/KrylovAA67/,https://profi.ru/profile/KrylovAA67/,17.0,True,MALE,Нет гарантии,"4,94",79,False,False,,,,,,50.59451475,,0,15
True,False,2.0,https://profi.ru/profile/KrymskiyYL/,https://profi.ru/profile/KrymskiyYL/,78.0,True,MALE,Нет гарантии,"5,0",1,False,False,,,,,,50.708438,На сервисе с декабря 2023 г. (2 года),0,0
True,False,7.0,https://profi.ru/profile/KucheganovIB/,https://profi.ru/profile/KucheganovIB/,81.0,True,MALE,Нет гарантии,"5,0",1,False,False,,,,,,50.524487875,На сервисе с марта 2019 г. (7 лет),0,0
False,False,,https://profi.ru/profile/KudryashovAS30/,https://profi.ru/profile/KudryashovAS30/,150.0,True,MALE,Нет гарантии,0,0,False,False,,,,,,50.75277833333333,На сервисе с мая 2025 г,0,0
False,True,2.0,https://profi.ru/profile/KudryashovSS7/,https://profi.ru/profile/KudryashovSS7/,148.0,True,MALE,Нет гарантии,"5,0",1,False,False,,,,,,50.724855999999996,,3,0
True,False,9.0,https://profi.ru/profile/KupchikovSV/,https://profi.ru/profile/KupchikovSV/,53.0,True,MALE,Нет гарантии,0,0,False,False,,,,,,50.708477,На сервисе с мая 2024 г. (1 год),0,0
False,True,12.0,https://profi.ru/profile/KurbanovShG2/,https://profi.ru/profile/KurbanovShG2/,98.0,True,MALE,Нет гарантии,"5,0",5,False,False,,Нет отзывов по вашей услуге,10.0,,,50.610800499999996,,0,2
True,False,7.0,https://profi.ru/profile/KuryaginAV/,https://profi.ru/profile/KuryaginAV/,125.0,True,MALE,Нет гарантии,0,0,False,False,,,,,,50.743905,На сервисе с августа 2025 г,0,0
,,,https://profi.ru/profile/KushkaIU/,https://profi.ru/profile/KushkaIU/,111.0,False,MALE,По договоренности,"4,65",147,False,False,1000.0,,10.0,,,50.736104,,0,4
True,False,7.0,https://profi.ru/profile/KushmanovAP/,https://profi.ru/profile/KushmanovAP/,125.0,True,MALE,Нет гарантии,"5,0",7,False,False,,,,,,50.573028,На сервисе с июня 2025 г,0,0
True,False,7.0,https://profi.ru/profile/KuzembayevGM/,https://profi.ru/profile/KuzembayevGM/,123.0,True,MALE,«Гарантия 6 месяцев с окончания работ»,"5,0",2,False,False,,,10.0,,,50.76970166666666,На сервисе с октября 2024 г. (1 год),0,0
True,False,9.0,https://profi.ru/profile/KuzminDL5/,https://profi.ru/profile/KuzminDL5/,142.0,True,MALE,Нет гарантии,0,0,False,False,,,,,,50.7539872,,0,0
False,False,15.0,https://profi.ru/profile/KuzminSV50/,https://profi.ru/profile/KuzminSV50/,109.0,True,MALE,Нет гарантии,"5,0",17,False,False,,Мало отзывов по вашей услуге,,,,50.7572588,На сервисе с июля 2021 г. (4 года),0,0
True,False,7.0,https://profi.ru/profile/KuznetsovPA76/,https://profi.ru/profile/KuznetsovPA76/,100.0,True,MALE,Нет гарантии,0,0,False,False,,,,,,50.710369,На сервисе с января 2026 г,5,0
True,False,7.0,https://profi.ru/profile/KuznetsovSV54/,https://profi.ru/profile/KuznetsovSV54/,90.0,True,MALE,Нет гарантии,"4,98",46,False,False,,,,,,50.5738202,,0,0
True,False,7.0,https://profi.ru/profile/KuznetsovVI78/,https://profi.ru/profile/KuznetsovVI78/,60.0,True,MALE,Нет гарантии,0,0,False,False,,,,,,50.810624000000004,На сервисе с июля 2025 г,0,0
True,False,10.0,https://profi.ru/profile/LakeyevSM/,https://profi.ru/profile/LakeyevSM/,70.0,True,MALE,Нет гарантии,"5,0",10,False,False,,,,,,50.830273000000005,,0,4
,,,https://profi.ru/profile/LarinAS27/,https://profi.ru/profile/LarinAS27/,68.0,True,MALE,По договоренности,"5,0",29,False,False,300.0,,,,Договор,50.625590499999994,На сервисе с ноября 2024 г. (1 год),0,27
True,False,2.0,https://profi.ru/profile/LarinOV8/,https://profi.ru/profile/LarinOV8/,121.0,True,MALE,Нет гарантии,0,0,False,False,,,,,,50.756940199999995,На сервисе с января 2025 г. (1 год),0,0
True,False,7.0,https://profi.ru/profile/LarionovVV34/,https://profi.ru/profile/LarionovVV34/,133.0,False,MALE,По договоренности,0,0,False,False,,,,,Договор,50.7557712,На сервисе с февраля 2026 г,0,0
True,False,7.0,https://profi.ru/profile/LatipovII4/,https://profi.ru/profile/LatipovII4/,163.0,True,MALE,Нет гарантии,"5,0",15,False,False,,Нет отзывов по вашей услуге,,,,50.6719626,На сервисе с октября 2025 г,0,0
True,False,7.0,https://profi.ru/profile/LavoninVA/,https://profi.ru/profile/LavoninVA/,104.0,False,MALE,Нет гарантии,"5,0",1,False,False,,,,,,50.7632754,На сервисе с октября 2025 г,0,0
False,False,,https://profi.ru/profile/LebedyantsevMK/,https://profi.ru/profile/LebedyantsevMK/,67.0,True,MALE,Нет гарантии,"5,0",6,False,False,,Мало отзывов по вашей услуге,,,,50.629678090909096,На сервисе с января 2025 г. (1 год),3,10
True,False,8.0,https://profi.ru/profile/LedentsovRA/,https://profi.ru/profile/LedentsovRA/,122.0,True,MALE,Нет гарантии,0,0,False,False,,,,,,50.764386,На сервисе с апреля 2026 г,0,0
True,True,29.0,https://profi.ru/profile/LeontyevDV13/,https://profi.ru/profile/LeontyevDV13/,97.0,True,MALE,Нет гарантии,"4,95",126,False,False,,,,,,50.61660823076923,,0,2
,,,https://profi.ru/profile/LeshchenkoVV2/,https://profi.ru/profile/LeshchenkoVV2/,50.0,False,,Нет гарантии,0,0,False,False,,,,,,50.780201000000005,На сервисе с июля 2023 г. (2 года),0,0
True,False,7.0,https://profi.ru/profile/LipskiyVN/,https://profi.ru/profile/LipskiyVN/,110.0,True,MALE,Нет гарантии,0,0,False,False,,,,,,50.7618475,На сервисе с апреля 2026 г,0,0
True,False,7.0,https://profi.ru/profile/LipskiyYS/,https://profi.ru/profile/LipskiyYS/,124.0,True,MALE,Нет гарантии,0,0,False,False,,,,,,50.783359,На сервисе с января 2026 г,0,0
False,True,5.0,https://profi.ru/profile/LisinSN4/,https://profi.ru/profile/LisinSN4/,134.0,True,MALE,Нет гарантии,0,0,False,False,,,,,,50.780990333333335,,0,26
True,False,14.0,https://profi.ru/profile/LoginovNA2/,https://profi.ru/profile/LoginovNA2/,3.0,False,MALE,«1 год»,"5,0",13,False,False,8000.0,,5.0,Есть страховка,,70.28538841666666,,3,45
True,False,7.0,https://profi.ru/profile/LukaninAA4/,https://profi.ru/profile/LukaninAA4/,105.0,True,MALE,Нет гарантии,0,0,False,False,,,,,,50.751988999999995,На сервисе с января 2026 г,0,0
False,True,23.0,https://profi.ru/profile/LukashkovAV/,https://profi.ru/profile/LukashkovAV/,176.0,True,MALE,Нет гарантии,0,0,False,False,,,,,,50.608604,,0,0
False,True,19.0,https://profi.ru/profile/LukashovVV/,https://profi.ru/profile/LukashovVV/,168.0,False,MALE,«1 год»,"4,56",18,False,False,,Мало отзывов по вашей услуге,,,,50.6705115,,0,0
True,False,10.0,https://profi.ru/profile/LykovID2/,https://profi.ru/profile/LykovID2/,98.0,True,MALE,Нет гарантии,"5,0",6,False,False,,Нет отзывов по вашей услуге,,,,50.800892000000005,,0,0
False,False,6.0,https://profi.ru/profile/MadzhidzodaMK/,https://profi.ru/profile/MadzhidzodaMK/,80.0,True,,Нет гарантии,"5,0",3,False,False,,,,,,50.732027,На сервисе с июля 2025 г,0,0
,,,https://profi.ru/profile/MakaretsVI/,https://profi.ru/profile/MakaretsVI/,121.0,True,MALE,Нет гарантии,"5,0",1,False,False,,,,,,50.72248,На сервисе с февраля 2026 г,0,2
True,False,17.0,https://profi.ru/profile/MakarovAU2/,https://profi.ru/profile/MakarovAU2/,116.0,True,MALE,«6 месяцев»,"4,20",5,False,False,300.0,,,,,50.76270066666667,,0,0
,,,https://profi.ru/profile/MakhmadovAF/,https://profi.ru/profile/MakhmadovAF/,27.0,False,,Нет гарантии,"4,92",25,False,False,,Нет отзывов по вашей услуге,,,,50.54785325,На сервисе с июля 2025 г,1,0
True,False,7.0,https://profi.ru/profile/MakhmutovMR4/,https://profi.ru/profile/MakhmutovMR4/,83.0,True,MALE,Нет гарантии,0,0,False,False,,,,,,50.729823499999995,На сервисе с декабря 2025 г,0,0
False,True,5.0,https://profi.ru/profile/MakhmutovSR/,https://profi.ru/profile/MakhmutovSR/,41.0,False,MALE,По договоренности,"5,0",1,False,False,5000.0,,,,Договор,50.498913,,0,0
True,False,7.0,https://profi.ru/profile/MaksimovAA174/,https://profi.ru/profile/MaksimovAA174/,50.0,True,MALE,Нет гарантии,"5,0",25,False,False,,Нет отзывов по вашей услуге,,,,50.747271,На сервисе с октября 2024 г. (1 год),0,0
True,False,8.0,https://profi.ru/profile/MaksimovBA2/,https://profi.ru/profile/MaksimovBA2/,86.0,True,MALE,По договоренности,"4,91",57,False,False,150.0,,5.0,,Договор,50.79232966666667,,0,1
True,False,7.0,https://profi.ru/profile/MalikovRK2/,https://profi.ru/profile/MalikovRK2/,104.0,True,MALE,Нет гарантии,"5,0",1,False,False,,,,,,50.7909115,На сервисе с ноября 2019 г. (6 лет),0,0
True,False,5.0,https://profi.ru/profile/MalininEV2/,https://profi.ru/profile/MalininEV2/,112.0,True,MALE,Нет гарантии,0,0,False,False,,,,,,50.701173499999996,,0,0
True,False,7.0,https://profi.ru/profile/MalovMV6/,https://profi.ru/profile/MalovMV6/,107.0,True,MALE,Нет гарантии,0,0,False,False,,,,,,50.75233725,На сервисе с октября 2025 г,0,0
True,False,14.0,https://profi.ru/profile/MamirovIB2/,https://profi.ru/profile/MamirovIB2/,130.0,True,MALE,Нет гарантии,"4,97",31,False,False,,Нет отзывов по вашей услуге,,,,50.762705249999996,На сервисе с мая 2020 г. (5 лет),0,6
False,True,,https://profi.ru/profile/MansurovDA8/,https://profi.ru/profile/MansurovDA8/,133.0,True,MALE,Нет гарантии,"5,0",11,False,False,,Нет отзывов по вашей услуге,,,,50.549092,,1,0
True,False,7.0,https://profi.ru/profile/MardanshinDR2/,https://profi.ru/profile/MardanshinDR2/,45.0,True,MALE,Нет гарантии,"5,0",1,False,False,,,,,,50.92391,На сервисе с ноября 2025 г,3,0
True,False,7.0,https://profi.ru/profile/MarkZI/,https://profi.ru/profile/MarkZI/,138.0,True,MALE,Нет гарантии,0,0,False,False,,,,,,50.635523666666664,На сервисе с января 2025 г. (1 год),0,0
False,False,7.0,https://profi.ru/profile/MarkelovIV5/,https://profi.ru/profile/MarkelovIV5/,129.0,True,MALE,Нет гарантии,"5,0",11,False,False,,,,,,50.6819012,,2,17
False,False,7.0,https://profi.ru/profile/MarkitantovDE/,https://profi.ru/profile/MarkitantovDE/,86.0,True,MALE,По договоренности,"4,74",160,False,False,200.0,,10.0,,,50.7759938,На сервисе с ноября 2018 г. (7 лет),1,1
True,False,5.0,https://profi.ru/profile/MarkovPK/,https://profi.ru/profile/MarkovPK/,167.0,True,MALE,Нет гарантии,"5,0",2,False,False,1000.0,,,,,50.6502876,,0,2
True,False,7.0,https://profi.ru/profile/MartyshinFV/,https://profi.ru/profile/MartyshinFV/,60.0,True,MALE,Нет гарантии,0,0,False,False,,,,,,50.749504,На сервисе с февраля 2026 г,0,0
True,False,7.0,https://profi.ru/profile/MarupovRI/,https://profi.ru/profile/MarupovRI/,91.0,True,MALE,Нет гарантии,0,0,False,False,,,,,,50.769379,На сервисе с ноября 2025 г,0,0
True,False,7.0,https://profi.ru/profile/MashchenkoDA3/,https://profi.ru/profile/MashchenkoDA3/,111.0,True,MALE,Нет гарантии,"5,0",15,False,False,500.0,,10.0,,,50.623423200000005,На сервисе с апреля 2025 г. (1 год),0,10
True,True,12.0,https://profi.ru/profile/MatorinKV/,https://profi.ru/profile/MatorinKV/,100.0,False,MALE,По договоренности,"5,0",6,False,False,,,,,,50.735931,,0,0
True,False,20.0,https://profi.ru/profile/MatveevMV3/,https://profi.ru/profile/MatveevMV3/,109.0,True,MALE,«1 год»,"4,98",132,True,True,,Мало отзывов по вашей услуге,20.0,,,50.76999066666667,,0,0
True,False,7.0,https://profi.ru/profile/MayskiyMD/,https://profi.ru/profile/MayskiyMD/,115.0,True,MALE,Нет гарантии,0,0,False,False,,,,,,50.752182,На сервисе с января 2026 г,0,0
True,False,7.0,https://profi.ru/profile/MedostovYaV/,https://profi.ru/profile/MedostovYaV/,158.0,True,MALE,Нет гарантии,0,0,False,False,500.0,,,,,50.55989333333334,На сервисе с декабря 2019 г. (6 лет),0,13
True,False,4.0,https://profi.ru/profile/MelikovSR4/,https://profi.ru/profile/MelikovSR4/,108.0,True,MALE,Нет гарантии,"5,0",2,False,False,,,,,,50.53175433333334,На сервисе с февраля 2022 г. (4 года),0,0
False,True,,https://profi.ru/profile/MiftahovRI2/,https://profi.ru/profile/MiftahovRI2/,114.0,True,MALE,Нет гарантии,"4,50",8,False,False,,Нет отзывов по вашей услуге,,,,50.49735277777778,,0,0
True,False,7.0,https://profi.ru/profile/MiftakhovRR10/,https://profi.ru/profile/MiftakhovRR10/,84.0,True,MALE,Нет гарантии,0,0,False,False,,,,,,50.78490525,На сервисе с декабря 2025 г,0,0
False,True,,https://profi.ru/profile/MihailovSO2/,https://profi.ru/profile/MihailovSO2/,10.0,True,,По договоренности,"4,90",41,False,False,,Мало отзывов по вашей услуге,,,Договор,50.61700025,,0,9
True,False,7.0,https://profi.ru/profile/MikhalevSY2/,https://profi.ru/profile/MikhalevSY2/,161.0,True,MALE,Нет гарантии,"4,50",10,False,False,,Мало отзывов по вашей услуге,,,,50.63277300000001,На сервисе с декабря 2024 г. (1 год),0,0
False,True,7.0,https://profi.ru/profile/MikhaylovAV180/,https://profi.ru/profile/MikhaylovAV180/,90.0,False,,Нет гарантии,0,0,False,False,10000.0,,,,,50.713255000000004,,0,0
,,,https://profi.ru/profile/MingaleyevRM2/,https://profi.ru/profile/MingaleyevRM2/,68.0,True,MALE,Нет гарантии,"5,0",2,False,False,,,,,,50.755884,,0,0
False,True,7.0,https://profi.ru/profile/MingazovFS/,https://profi.ru/profile/MingazovFS/,61.0,True,MALE,Нет гарантии,"5,0",1,False,False,,,,,,50.828090333333336,,0,13
False,True,7.0,https://profi.ru/profile/MingulovII/,https://profi.ru/profile/MingulovII/,150.0,True,MALE,Нет гарантии,0,0,False,False,300.0,,,,,50.681757000000005,,0,0
True,False,7.0,https://profi.ru/profile/MininAS5/,https://profi.ru/profile/MininAS5/,121.0,True,MALE,Нет гарантии,"3,67",3,False,False,,,,,,50.740353666666664,На сервисе с октября 2019 г. (6 лет),0,0
True,False,7.0,https://profi.ru/profile/MinnigareyevII/,https://profi.ru/profile/MinnigareyevII/,128.0,True,MALE,Нет гарантии,"5,0",5,False,False,,,,,,50.569208,На сервисе с июня 2024 г. (1 год),0,22
True,False,17.0,https://profi.ru/profile/MinnullinII5/,https://profi.ru/profile/MinnullinII5/,42.0,True,MALE,Нет гарантии,"5,0",1,False,False,,,,,,50.805479000000005,,3,43
False,True,7.0,https://profi.ru/profile/MirgazovAA4/,https://profi.ru/profile/MirgazovAA4/,114.0,True,,Нет гарантии,0,0,False,False,,,,,,50.744434999999996,,0,0
True,False,7.0,https://profi.ru/profile/MishinIN7/,https://profi.ru/profile/MishinIN7/,78.0,True,MALE,Нет гарантии,"5,0",9,False,False,,Нет отзывов по вашей услуге,,,,50.52237385714285,На сервисе с января 2026 г,0,0
True,False,7.0,https://profi.ru/profile/MitinAA32/,https://profi.ru/profile/MitinAA32/,140.0,True,MALE,Нет гарантии,0,0,False,False,,,,,,50.70915025,На сервисе с января 2026 г,0,0
,,,https://profi.ru/profile/MotorinOA2/,https://profi.ru/profile/MotorinOA2/,105.0,True,MALE,По договоренности,"5,0",10,False,False,350.0,,,,Договор,50.610034692307686,,0,12
False,False,20.0,https://profi.ru/profile/MubarakzyanovEF/,https://profi.ru/profile/MubarakzyanovEF/,159.0,True,MALE,Нет гарантии,0,0,False,False,,,,,,50.69440866666667,На сервисе с июля 2024 г. (1 год),0,8
False,False,7.0,https://profi.ru/profile/MuhametshinAR/,https://profi.ru/profile/MuhametshinAR/,62.0,True,MALE,Нет гарантии,"4,95",43,False,False,,Нет отзывов по вашей услуге,10.0,,,50.70303,На сервисе с марта 2019 г. (7 лет),0,0
False,False,13.0,https://profi.ru/profile/MuharlyamovRR2/,https://profi.ru/profile/MuharlyamovRR2/,107.0,True,MALE,«6 месяцев»,"4,84",132,False,False,500.0,,,,,50.72195166666666,,2,2
True,False,7.0,https://profi.ru/profile/MukhamatullinMM/,https://profi.ru/profile/MukhamatullinMM/,46.0,True,MALE,Нет гарантии,0,0,False,False,,,,,,50.79453,На сервисе с июля 2025 г,0,0
False,True,12.0,https://profi.ru/profile/MukhametdinovSR2/,https://profi.ru/profile/MukhametdinovSR2/,88.0,True,MALE,Нет гарантии,"4,96",23,False,False,,,30.0,,,50.62649566666667,,5,53
True,False,5.0,https://profi.ru/profile/MukhametshiyeRS/,https://profi.ru/profile/MukhametshiyeRS/,62.0,True,MALE,Нет гарантии,"5,0",1,False,False,,,,,,50.745982999999995,На сервисе с марта 2026 г,0,0
True,False,3.0,https://profi.ru/profile/MukhametzyanovIA/,https://profi.ru/profile/MukhametzyanovIA/,129.0,True,MALE,Нет гарантии,"5,0",4,False,False,,,,,,50.539361500000005,На сервисе с августа 2023 г. (2 года),0,0
True,False,7.0,https://profi.ru/profile/MukhomedzhanovKM/,https://profi.ru/profile/MukhomedzhanovKM/,150.0,False,,Нет гарантии,"5,0",1,False,False,,,,,,50.6435235,На сервисе с апреля 2023 г. (3 года),3,1
True,False,3.0,https://profi.ru/profile/MukhtasarovAF/,https://profi.ru/profile/MukhtasarovAF/,42.0,True,MALE,Нет гарантии,0,0,False,False,,,,,,50.92728,На сервисе с апреля 2023 г. (3 года),0,0
True,False,4.0,https://profi.ru/profile/MukhtasibovRR/,https://profi.ru/profile/MukhtasibovRR/,150.0,True,MALE,Нет гарантии,"5,0",7,False,False,,,,,,50.44863925,На сервисе с марта 2022 г. (4 года),0,1
True,False,2.0,https://profi.ru/profile/MukhutdinovII3/,https://profi.ru/profile/MukhutdinovII3/,157.0,True,,Нет гарантии,0,0,False,False,,,,,,50.71388366666667,На сервисе с февраля 2024 г. (2 года),0,0
False,True,4.0,https://profi.ru/profile/MullahmetovIG/,https://profi.ru/profile/MullahmetovIG/,137.0,True,MALE,Нет гарантии,"5,0",9,False,False,,,,,,50.50799677777778,,0,1
True,False,2.0,https://profi.ru/profile/MullinVV3/,https://profi.ru/profile/MullinVV3/,37.0,True,MALE,Нет гарантии,"4,98",56,False,False,350.0,,,,,50.671466,На сервисе с сентября 2023 г. (2 года),6,21
False,True,10.0,https://profi.ru/profile/MurtazinRR17/,https://profi.ru/profile/MurtazinRR17/,107.0,True,MALE,Нет гарантии,0,0,False,False,,,,,,50.53235025,,0,0
False,False,1.0,https://profi.ru/profile/MurzenkovTI/,https://profi.ru/profile/MurzenkovTI/,103.0,True,MALE,Нет гарантии,"5,0",11,False,False,,Нет отзывов по вашей услуге,,,,50.590925272727276,На сервисе с мая 2025 г,0,3
True,True,15.0,https://profi.ru/profile/MusinII/,https://profi.ru/profile/MusinII/,129.0,True,MALE,«1 год»,"4,0",4,False,False,,,10.0,,,50.73132233333333,,0,12
True,False,16.0,https://profi.ru/profile/MusiyenkoAV4/,https://profi.ru/profile/MusiyenkoAV4/,145.0,True,MALE,Нет гарантии,"5,0",2,False,False,,,,,,50.7701682,На сервисе с апреля 2025 г. (1 год),0,9
True,False,7.0,https://profi.ru/profile/MustafinRA22/,https://profi.ru/profile/MustafinRA22/,116.0,True,MALE,Нет гарантии,0,0,False,False,,,,,,50.743651,На сервисе с апреля 2026 г,0,0
True,False,8.0,https://profi.ru/profile/MuzafarovJJ/,https://profi.ru/profile/MuzafarovJJ/,138.0,True,MALE,Нет гарантии,"4,72",25,False,False,150.0,Нет отзывов по вашей услуге,100.0,,,50.651981500000005,,0,0
True,False,3.0,https://profi.ru/profile/MuzafarovRR6/,https://profi.ru/profile/MuzafarovRR6/,129.0,True,MALE,Нет гарантии,0,0,False,False,,,,,,50.735493500000004,На сервисе с октября 2023 г. (2 года),0,0
True,False,8.0,https://profi.ru/profile/NabiullinIR5/,https://profi.ru/profile/NabiullinIR5/,89.0,True,MALE,Нет гарантии,"5,0",1,False,False,,,,,,50.801186200000004,,0,10
,,,https://profi.ru/profile/NabiullinRH/,https://profi.ru/profile/NabiullinRH/,59.0,True,MALE,Нет гарантии,"5,0",18,False,False,500.0,,,,,50.56683922222223,,0,1
True,False,5.0,https://profi.ru/profile/NabiyevIS5/,https://profi.ru/profile/NabiyevIS5/,118.0,True,MALE,Нет гарантии,"5,0",2,False,False,,,,,,50.440340428571425,На сервисе с марта 2026 г,0,0
True,False,5.0,https://profi.ru/profile/NabiyevNN/,https://profi.ru/profile/NabiyevNN/,58.0,True,MALE,Нет гарантии,"5,0",9,False,False,,Нет отзывов по вашей услуге,,,,50.87119533333333,На сервисе с октября 2021 г. (4 года),0,0
True,False,5.0,https://profi.ru/profile/NadiktaSB/,https://profi.ru/profile/NadiktaSB/,130.0,True,MALE,Нет гарантии,"5,0",25,False,False,,Мало отзывов по вашей услуге,,,,50.457622125,На сервисе с июня 2021 г. (4 года),0,0
False,True,11.0,https://profi.ru/profile/NasabaevDV/,https://profi.ru/profile/NasabaevDV/,116.0,False,MALE,По договоренности,"5,0",11,False,False,400.0,,,,Договор,50.80006,,8,28
True,False,3.0,https://profi.ru/profile/NasibullinRI4/,https://profi.ru/profile/NasibullinRI4/,130.0,True,MALE,Нет гарантии,"4,20",5,False,False,,,,,,50.78616333333334,На сервисе с июня 2023 г. (2 года),0,7
True,False,3.0,https://profi.ru/profile/NasybullinDF/,https://profi.ru/profile/NasybullinDF/,157.0,False,MALE,«От 14 до 400 дней»,"5,0",7,False,False,,,10.0,,Договор,50.51395577777778,,0,17
True,False,5.0,https://profi.ru/profile/NaumetovRR/,https://profi.ru/profile/NaumetovRR/,155.0,True,MALE,Нет гарантии,0,0,False,False,,,,,,50.61435075,На сервисе с марта 2026 г,0,6
False,True,10.0,https://profi.ru/profile/NaumovDV42/,https://profi.ru/profile/NaumovDV42/,36.0,True,MALE,Нет гарантии,0,0,False,False,,,5.0,,,50.815545,,5,4
True,False,16.0,https://profi.ru/profile/NaumovOI4/,https://profi.ru/profile/NaumovOI4/,23.0,True,MALE,Нет гарантии,0,0,False,False,,,,,,50.755802,,0,13
True,False,1.0,https://profi.ru/profile/NazarovKV11/,https://profi.ru/profile/NazarovKV11/,119.0,True,MALE,Нет гарантии,"5,0",1,False,False,,,,,,50.757730333333335,На сервисе с мая 2025 г,0,1
True,False,13.0,https://profi.ru/profile/NazdekovAV/,https://profi.ru/profile/NazdekovAV/,123.0,True,MALE,Нет гарантии,"5,0",7,False,False,,Нет отзывов по вашей услуге,,,,50.7389545,,0,0
True,False,12.0,https://profi.ru/profile/NazhiyevUY2/,https://profi.ru/profile/NazhiyevUY2/,93.0,True,MALE,Нет гарантии,"5,0",1,False,False,,,,,,50.63774,,0,2
True,False,7.0,https://profi.ru/profile/NazmiyevRZ/,https://profi.ru/profile/NazmiyevRZ/,105.0,True,MALE,Нет гарантии,"5,0",31,False,False,,Мало отзывов по вашей услуге,,,,50.60020108333333,На сервисе с июня 2024 г. (1 год),0,0
,,,https://profi.ru/profile/NesterenkoDE2/,https://profi.ru/profile/NesterenkoDE2/,96.0,True,MALE,Нет гарантии,0,0,False,False,,,10.0,,,50.762328999999994,На сервисе с ноября 2024 г. (1 год),0,0
True,False,3.0,https://profi.ru/profile/NetsvetayevDV/,https://profi.ru/profile/NetsvetayevDV/,67.0,True,MALE,Нет гарантии,"4,78",32,False,False,,,,,,50.55063644444445,На сервисе с февраля 2023 г. (3 года),0,0
False,True,7.0,https://profi.ru/profile/NeustroyevAA2/,https://profi.ru/profile/NeustroyevAA2/,106.0,True,MALE,Нет гарантии,0,0,False,False,,,,,,50.62413,,0,0
,,,https://profi.ru/profile/NigamatzyanovMR/,https://profi.ru/profile/NigamatzyanovMR/,142.0,True,MALE,Нет гарантии,0,0,False,False,,,,,,50.621821,На сервисе с февраля 2025 г. (1 год),0,9
True,False,3.0,https://profi.ru/profile/NigmatovRR2/,https://profi.ru/profile/NigmatovRR2/,154.0,True,MALE,Нет гарантии,0,0,False,False,,,,,,50.534496181818184,На сервисе с ноября 2022 г. (3 года),5,0
True,False,20.0,https://profi.ru/profile/NigmatulinRM3/,https://profi.ru/profile/NigmatulinRM3/,117.0,True,MALE,Нет гарантии,0,0,False,False,,,,,,50.743651,,0,0
False,False,5.0,https://profi.ru/profile/NigmatullinAG2/,https://profi.ru/profile/NigmatullinAG2/,102.0,True,,Нет гарантии,"3,0",2,False,False,,,,,,50.7594485,На сервисе с января 2026 г,0,8
False,True,9.0,https://profi.ru/profile/NigmatzyanovBI/,https://profi.ru/profile/NigmatzyanovBI/,66.0,True,MALE,Нет гарантии,0,0,False,False,,,,,,50.767371999999995,,0,0
False,False,15.0,https://profi.ru/profile/NigmatzyanovVR2/,https://profi.ru/profile/NigmatzyanovVR2/,81.0,True,MALE,По договоренности,"4,67",12,False,False,,Нет отзывов по вашей услуге,,,Договор,50.60757018181818,На сервисе с февраля 2021 г. (5 лет),2,3
False,True,12.0,https://profi.ru/profile/NikitinDN4/,https://profi.ru/profile/NikitinDN4/,167.0,True,MALE,Нет гарантии,"5,0",8,False,False,,,,,,50.80003,,0,2
False,True,11.0,https://profi.ru/profile/NikolayevDV51/,https://profi.ru/profile/NikolayevDV51/,153.0,True,MALE,Нет гарантии,"5,0",5,False,False,500.0,,,,,50.541988272727274,,0,21
True,False,8.0,https://profi.ru/profile/NikonenkoAV9/,https://profi.ru/profile/NikonenkoAV9/,141.0,True,MALE,Нет гарантии,"1,0",1,False,False,,,,,,50.6587275,,0,0
True,False,7.0,https://profi.ru/profile/NikulinSV42/,https://profi.ru/profile/NikulinSV42/,66.0,True,MALE,Нет гарантии,"5,0",1,False,False,,,,,,50.758359999999996,На сервисе с декабря 2025 г,0,0
True,False,2.0,https://profi.ru/profile/NizamovAA14/,https://profi.ru/profile/NizamovAA14/,123.0,True,MALE,Нет гарантии,0,0,False,False,,,,,,50.74576,На сервисе с августа 2024 г. (1 год),1,1
True,False,6.0,https://profi.ru/profile/NugmanovaLT/,https://profi.ru/profile/NugmanovaLT/,155.0,True,MALE,Нет гарантии,"5,0",3,False,False,,,,,,50.80003,На сервисе с сентября 2020 г. (5 лет),0,2
True,False,7.0,https://profi.ru/profile/NureyevDM/,https://profi.ru/profile/NureyevDM/,115.0,True,MALE,Нет гарантии,0,0,False,False,,,,,,50.74536466666667,На сервисе с декабря 2025 г,0,1
True,False,10.0,https://profi.ru/profile/NurgaliyevSK3/,https://profi.ru/profile/NurgaliyevSK3/,157.0,True,MALE,Нет гарантии,0,0,False,False,350.0,,10.0,,,50.6038455,На сервисе с февраля 2026 г,0,10
,,,https://profi.ru/profile/NurullinIR4/,https://profi.ru/profile/NurullinIR4/,24.0,True,MALE,По договоренности,"4,76",21,False,False,,,5.0,,Договор,50.578202555555556,На сервисе с марта 2022 г. (4 года),2,24
True,False,7.0,https://profi.ru/profile/NurzhanovKK2/,https://profi.ru/profile/NurzhanovKK2/,48.0,True,MALE,Нет гарантии,0,0,False,False,,,,,,50.787839500000004,На сервисе с ноября 2025 г,0,1
True,False,7.0,https://profi.ru/profile/NusamiyevKS/,https://profi.ru/profile/NusamiyevKS/,139.0,True,MALE,Нет гарантии,0,0,False,False,,,,,,50.69411266666666,На сервисе с июля 2025 г,0,0
True,False,15.0,https://profi.ru/profile/OOOAlfaavto/,https://profi.ru/profile/OOOAlfaavto/,115.0,False,MALE,«1 год»,"5,0",101,False,False,500.0,,,,,50.7288305,,1,22
False,True,28.0,https://profi.ru/profile/ObmolovAV/,https://profi.ru/profile/ObmolovAV/,103.0,True,MALE,«1 год»,"4,33",6,False,False,300.0,Нет отзывов по вашей услуге,,,,50.7669165,,0,0
True,False,7.0,https://profi.ru/profile/OdinayevAK14/,https://profi.ru/profile/OdinayevAK14/,54.0,True,,Нет гарантии,0,0,False,False,,,,,,50.748344,На сервисе с февраля 2026 г,0,0
True,False,19.0,https://profi.ru/profile/OgiiVB/,https://profi.ru/profile/OgiiVB/,124.0,True,MALE,"«2 года, при условии подбора материалов мастером и соблюдении технологии работ»","4,48",21,False,False,450.0,Мало отзывов по вашей услуге,,,,50.7432122,,0,2
False,True,16.0,https://profi.ru/profile/OglyRR/,https://profi.ru/profile/OglyRR/,120.0,True,MALE,Нет гарантии,0,0,False,False,,,,,,50.764097,,0,0
True,False,6.0,https://profi.ru/profile/OlenichenkoSN/,https://profi.ru/profile/OlenichenkoSN/,81.0,True,MALE,Нет гарантии,"5,0",26,False,False,350.0,,10.0,,,50.7735654,,2,16
True,False,7.0,https://profi.ru/profile/OrekhovZA/,https://profi.ru/profile/OrekhovZA/,69.0,True,MALE,Нет гарантии,0,0,False,False,,,,,,50.66056,На сервисе с февраля 2026 г,0,0
True,False,5.0,https://profi.ru/profile/OsipovIK3/,https://profi.ru/profile/OsipovIK3/,64.0,True,MALE,Нет гарантии,"5,0",1,False,False,200.0,,,,,50.53397875,На сервисе с января 2026 г,0,7
,,,https://profi.ru/profile/OsipovRN2/,https://profi.ru/profile/OsipovRN2/,62.0,True,MALE,По договоренности,"4,93",15,False,False,,Мало отзывов по вашей услуге,,,,50.629072,,0,0
True,True,23.0,https://profi.ru/profile/OsipovRV3/,https://profi.ru/profile/OsipovRV3/,91.0,True,MALE,«Даю гарантию на выполненную работу»,"5,0",35,False,False,,,,,,50.787485333333336,На сервисе с мая 2019 г. (6 лет),0,2
True,False,7.0,https://profi.ru/profile/OstrovskiyYS2/,https://profi.ru/profile/OstrovskiyYS2/,37.0,True,MALE,Нет гарантии,0,0,False,False,,,,,,50.91009,На сервисе с октября 2025 г,0,0
False,True,13.0,https://profi.ru/profile/OvchinnikovDS27/,https://profi.ru/profile/OvchinnikovDS27/,117.0,True,MALE,Нет гарантии,0,0,False,False,,,,,,50.764668,,0,0
True,False,14.0,https://profi.ru/profile/OvsyankinPS/,https://profi.ru/profile/OvsyankinPS/,100.0,False,MALE,По договоренности,0,0,False,False,,,5.0,,Договор,50.422160000000005,,0,10
True,False,18.0,https://profi.ru/profile/ParukovAA/,https://profi.ru/profile/ParukovAA/,61.0,True,MALE,Нет гарантии,0,0,False,False,,,5.0,,,50.7452795,,0,8
False,False,,https://profi.ru/profile/PatskovGV/,https://profi.ru/profile/PatskovGV/,130.0,False,MALE,По договоренности,"4,76",25,False,False,,Мало отзывов по вашей услуге,10.0,,Договор,50.5184775,На сервисе с декабря 2025 г,0,0
True,False,2.0,https://profi.ru/profile/PavlovAG38/,https://profi.ru/profile/PavlovAG38/,87.0,True,MALE,Нет гарантии,"5,0",3,False,False,,,,,,50.79621766666667,На сервисе с февраля 2024 г. (2 года),0,17
True,False,,https://profi.ru/profile/PetrenkoAM24/,https://profi.ru/profile/PetrenkoAM24/,88.0,True,MALE,Нет гарантии,"5,0",10,False,False,250.0,Нет отзывов по вашей услуге,,,,50.58968909090909,На сервисе с февраля 2026 г,0,0
True,False,23.0,https://profi.ru/profile/PetuhovDV8/,https://profi.ru/profile/PetuhovDV8/,92.0,True,MALE,Нет гарантии,"5,0",2,False,False,,,,,,50.81615233333334,,0,3
True,False,10.0,https://profi.ru/profile/PikushevVV/,https://profi.ru/profile/PikushevVV/,9.0,True,MALE,Нет гарантии,"5,0",40,False,False,,Мало отзывов по вашей услуге,,,,50.626079250000004,,5,0
False,False,1.0,https://profi.ru/profile/PimoshinAR3/,https://profi.ru/profile/PimoshinAR3/,112.0,True,MALE,Нет гарантии,0,0,False,False,,,,,,50.768066,На сервисе с августа 2024 г. (1 год),0,4
,,,https://profi.ru/profile/PirogovAV25/,https://profi.ru/profile/PirogovAV25/,93.0,True,MALE,По договоренности,0,0,False,False,,,,,Договор,50.666055,,0,0
True,False,6.0,https://profi.ru/profile/PlastininDA/,https://profi.ru/profile/PlastininDA/,123.0,True,MALE,По договоренности,"5,0",4,False,False,,,,,,50.470395374999995,На сервисе с февраля 2020 г. (6 лет),0,0
True,False,5.0,https://profi.ru/profile/PlatunovVV/,https://profi.ru/profile/PlatunovVV/,110.0,True,MALE,Нет гарантии,0,0,False,False,,,,,,50.606672625,На сервисе с марта 2026 г,0,4
False,False,23.0,https://profi.ru/profile/PolatovAV/,https://profi.ru/profile/PolatovAV/,18.0,True,MALE,Нет гарантии,"5,0",19,False,False,,Нет отзывов по вашей услуге,,,,50.56824566666667,,0,0
True,True,7.0,https://profi.ru/profile/PolonskiiNA/,https://profi.ru/profile/PolonskiiNA/,18.0,True,MALE,Нет гарантии,"5,0",112,False,False,300.0,,,,,50.602518125,,0,87
True,False,18.0,https://profi.ru/profile/PolushinVS/,https://profi.ru/profile/PolushinVS/,133.0,True,MALE,"«Штукатурка и изделия из ГКЛ, ГВЛ – 1 год»","5,0",11,False,False,300.0,Мало отзывов по вашей услуге,,,,50.598473,,0,13
True,False,4.0,https://profi.ru/profile/PonomarevOV12/,https://profi.ru/profile/PonomarevOV12/,82.0,True,MALE,Нет гарантии,"4,97",147,False,False,,,5.0,,,50.61631833333333,,0,10
True,False,23.0,https://profi.ru/profile/PonomarevYB/,https://profi.ru/profile/PonomarevYB/,157.0,True,MALE,Нет гарантии,"5,0",18,False,False,,Мало отзывов по вашей услуге,,,,50.550338599999996,,8,9
True,False,6.0,https://profi.ru/profile/PopovEV24/,https://profi.ru/profile/PopovEV24/,156.0,True,MALE,Нет гарантии,"5,0",2,False,False,300.0,,,,,50.366941000000004,На сервисе с января 2020 г. (6 лет),0,0
True,False,8.0,https://profi.ru/profile/PopovMO9/,https://profi.ru/profile/PopovMO9/,72.0,True,MALE,Нет гарантии,"5,0",13,False,False,,,,,,50.76278,,0,0
True,False,7.0,https://profi.ru/profile/PopovNO10/,https://profi.ru/profile/PopovNO10/,106.0,False,MALE,Нет гарантии,"4,76",90,False,False,,,,,,50.595647,На сервисе с июня 2024 г. (1 год),0,0
True,False,3.0,https://profi.ru/profile/PotapovIV28/,https://profi.ru/profile/PotapovIV28/,133.0,True,MALE,Нет гарантии,0,0,False,False,,,,,,50.767593,На сервисе с февраля 2026 г,0,2
True,False,1.0,https://profi.ru/profile/ProkhorovNS3/,https://profi.ru/profile/ProkhorovNS3/,99.0,True,MALE,Нет гарантии,0,0,False,False,,,,,,50.7790975,На сервисе с февраля 2025 г. (1 год),0,0
False,True,,https://profi.ru/profile/ProkopyevAM2/,https://profi.ru/profile/ProkopyevAM2/,57.0,True,MALE,Нет гарантии,"4,92",53,False,False,,,,,,50.58146466666667,,1,1
True,False,9.0,https://profi.ru/profile/PronozaOV/,https://profi.ru/profile/PronozaOV/,102.0,True,MALE,«1 год»,"4,69",39,False,False,300.0,,,,,50.7386725,,0,4
False,True,22.0,https://profi.ru/profile/RafigSR/,https://profi.ru/profile/RafigSR/,103.0,True,,Нет гарантии,"5,0",3,False,False,,,,,,50.58150081818182,,0,0
False,True,,https://profi.ru/profile/RagimshinKA2/,https://profi.ru/profile/RagimshinKA2/,125.0,True,MALE,Нет гарантии,"5,0",3,False,False,250.0,,,,,50.663027,,0,0
True,False,7.0,https://profi.ru/profile/RakhmatullinBR/,https://profi.ru/profile/RakhmatullinBR/,147.0,True,MALE,Нет гарантии,0,0,False,False,,,,,,50.6548135,На сервисе с октября 2025 г,0,0
True,False,4.0,https://profi.ru/profile/RakhmatullinYG/,https://profi.ru/profile/RakhmatullinYG/,134.0,True,MALE,Нет гарантии,0,0,False,False,,,,,,50.63458057142857,На сервисе с декабря 2022 г. (3 года),0,0
False,False,4.0,https://profi.ru/profile/RakhmatullinZF/,https://profi.ru/profile/RakhmatullinZF/,148.0,True,MALE,Нет гарантии,"5,0",1,False,False,,,,,,50.542052727272726,На сервисе с декабря 2021 г. (4 года),0,7
False,True,13.0,https://profi.ru/profile/RedyaRS/,https://profi.ru/profile/RedyaRS/,56.0,False,MALE,По договоренности,"4,50",6,False,False,,Нет отзывов по вашей услуге,,,,50.7736315,,0,3
True,False,7.0,https://profi.ru/profile/RengachAS2/,https://profi.ru/profile/RengachAS2/,94.0,True,MALE,Нет гарантии,0,0,False,False,,,,,,50.680424,На сервисе с августа 2025 г,0,0
True,False,7.0,https://profi.ru/profile/RepinDN3/,https://profi.ru/profile/RepinDN3/,136.0,False,MALE,«Гарантия на работы 1 год»,"4,89",9,False,False,,Мало отзывов по вашей услуге,,,,50.54495363636364,На сервисе с ноября 2023 г. (2 года),0,1
True,False,33.0,https://profi.ru/profile/RodionovMV/,https://profi.ru/profile/RodionovMV/,66.0,False,MALE,Нет гарантии,"4,79",14,False,False,300.0,Мало отзывов по вашей услуге,,,,50.67235466666667,,0,0
False,False,,https://profi.ru/profile/RomanovIA53/,https://profi.ru/profile/RomanovIA53/,84.0,True,MALE,Нет гарантии,"5,0",14,False,False,,Нет отзывов по вашей услуге,,,,50.6738404,На сервисе с января 2022 г. (4 года),0,0
,,,https://profi.ru/profile/RomanovSS22/,https://profi.ru/profile/RomanovSS22/,118.0,True,MALE,Нет гарантии,"5,0",9,False,False,,Мало отзывов по вашей услуге,,,,50.5386513,На сервисе с ноября 2020 г. (5 лет),0,0
False,True,7.0,https://profi.ru/profile/RomanovUU2/,https://profi.ru/profile/RomanovUU2/,177.0,True,MALE,«Гарантия это надежность выполненных работ»,"4,81",27,False,False,,Мало отзывов по вашей услуге,,,,50.80003,,0,0
,,,https://profi.ru/profile/RozikovMM11/,https://profi.ru/profile/RozikovMM11/,102.0,True,,Нет гарантии,"5,0",11,False,False,,Нет отзывов по вашей услуге,,,,50.760233142857146,На сервисе с октября 2024 г. (1 год),0,1
True,False,7.0,https://profi.ru/profile/RudenkoMY6/,https://profi.ru/profile/RudenkoMY6/,101.0,True,MALE,Нет гарантии,0,0,False,False,,,,,,50.759571,На сервисе с января 2026 г,0,0
False,False,,https://profi.ru/profile/RustamkhanovTZ/,https://profi.ru/profile/RustamkhanovTZ/,141.0,False,,Нет гарантии,0,0,False,False,,,,,,50.749703999999994,На сервисе с марта 2026 г,0,9
,,,https://profi.ru/profile/RyabinkinAA2/,https://profi.ru/profile/RyabinkinAA2/,138.0,True,MALE,Нет гарантии,"5,0",3,False,False,,,,,,50.652146,На сервисе с марта 2020 г. (6 лет),0,0
True,False,3.0,https://profi.ru/profile/RyskulovIR2/,https://profi.ru/profile/RyskulovIR2/,140.0,True,,Нет гарантии,"4,64",14,False,False,1500.0,,15.0,,,50.51000625,На сервисе с марта 2023 г. (3 года),0,0
True,False,7.0,https://profi.ru/profile/RyzhovOA4/,https://profi.ru/profile/RyzhovOA4/,104.0,True,MALE,Нет гарантии,0,0,False,False,,,,,,50.697267,На сервисе с января 2026 г,0,0
False,False,5.0,https://profi.ru/profile/SabirovAR24/,https://profi.ru/profile/SabirovAR24/,91.0,True,MALE,Нет гарантии,0,0,False,False,,,,,,50.782066400000005,,0,6
False,False,4.0,https://profi.ru/profile/SabirovAT2/,https://profi.ru/profile/SabirovAT2/,97.0,True,MALE,Нет гарантии,"4,97",129,False,False,,Мало отзывов по вашей услуге,,,,50.817854,На сервисе с октября 2021 г. (4 года),0,3
True,False,7.0,https://profi.ru/profile/SabirovEA2/,https://profi.ru/profile/SabirovEA2/,110.0,True,MALE,Нет гарантии,"4,43",7,False,False,,,,,,50.77325333333334,На сервисе с ноября 2024 г. (1 год),3,55
True,False,7.0,https://profi.ru/profile/SabirovTG/,https://profi.ru/profile/SabirovTG/,86.0,True,MALE,Нет гарантии,0,0,False,False,,,,,,50.7126885,На сервисе с сентября 2024 г. (1 год),6,1
True,True,7.0,https://profi.ru/profile/SabirzanovAS/,https://profi.ru/profile/SabirzanovAS/,2.0,True,MALE,Нет гарантии,"5,0",3,False,False,,,,Есть страховка,,70.35963891666667,,0,8
True,False,7.0,https://profi.ru/profile/SabirzyanovAR3/,https://profi.ru/profile/SabirzyanovAR3/,130.0,True,MALE,Нет гарантии,"4,0",3,False,False,,,,,,50.78677,,0,0
False,True,,https://profi.ru/profile/SabirzyanovII2/,https://profi.ru/profile/SabirzyanovII2/,126.0,True,,Нет гарантии,"5,0",1,False,False,,,,,,50.764804999999996,,0,0
False,True,5.0,https://profi.ru/profile/SabitovBG/,https://profi.ru/profile/SabitovBG/,85.0,True,MALE,Нет гарантии,0,0,False,False,,,,,,50.718525,,0,13
True,False,7.0,https://profi.ru/profile/SadrievRS/,https://profi.ru/profile/SadrievRS/,85.0,False,MALE,По договоренности,"4,95",340,False,False,,Мало отзывов по вашей услуге,,,,50.76626000000001,На сервисе с февраля 2019 г. (7 лет),0,0
False,True,17.0,https://profi.ru/profile/SadriyevDI/,https://profi.ru/profile/SadriyevDI/,111.0,True,MALE,Нет гарантии,"5,0",2,False,False,,,5.0,,,50.51508455555555,,0,0
True,False,5.0,https://profi.ru/profile/SadykovAM27/,https://profi.ru/profile/SadykovAM27/,127.0,True,MALE,Нет гарантии,0,0,False,False,,,,,,50.756574,На сервисе с марта 2026 г,0,0
False,True,,https://profi.ru/profile/SafinRI11/,https://profi.ru/profile/SafinRI11/,100.0,True,,Нет гарантии,"5,0",1,False,False,,,,,,50.776609,,0,0
False,True,,https://profi.ru/profile/SafinTR6/,https://profi.ru/profile/SafinTR6/,141.0,True,MALE,Нет гарантии,"4,0",1,False,False,,,,,,50.78409933333333,,0,0
,,,https://profi.ru/profile/SafinZR/,https://profi.ru/profile/SafinZR/,130.0,True,MALE,Нет гарантии,"5,0",1,False,False,,,15.0,,,50.5265364,На сервисе с декабря 2025 г,0,0
True,False,6.0,https://profi.ru/profile/SafiulinIG/,https://profi.ru/profile/SafiulinIG/,50.0,True,MALE,Нет гарантии,"4,92",12,False,False,,Нет отзывов по вашей услуге,,,,50.7479685,На сервисе с января 2020 г. (6 лет),0,0
False,True,12.0,https://profi.ru/profile/SagdullinLF/,https://profi.ru/profile/SagdullinLF/,178.0,False,MALE,Нет гарантии,"5,0",8,False,False,300.0,Нет отзывов по вашей услуге,5.0,,,50.35116283333334,,0,15
True,False,7.0,https://profi.ru/profile/SagirovRR2/,https://profi.ru/profile/SagirovRR2/,51.0,True,MALE,Нет гарантии,0,0,False,False,,,,,,50.7888755,На сервисе с апреля 2025 г. (1 год),0,0
True,False,30.0,https://profi.ru/profile/SaifeevAI/,https://profi.ru/profile/SaifeevAI/,122.0,False,MALE,«2 года»,"4,25",4,False,False,,,,,,50.796473999999996,,0,0
False,False,5.0,https://profi.ru/profile/SalihovAI4/,https://profi.ru/profile/SalihovAI4/,86.0,True,,Нет гарантии,"5,0",2,False,False,,,,,,50.7818346,На сервисе с января 2021 г. (5 лет),0,4
True,False,13.0,https://profi.ru/profile/SalikhovIK/,https://profi.ru/profile/SalikhovIK/,9.0,False,MALE,По договоренности,"4,82",90,False,False,,Нет отзывов по вашей услуге,,,,50.62717408333333,,0,4
True,False,19.0,https://profi.ru/profile/SalimbayevDS/,https://profi.ru/profile/SalimbayevDS/,147.0,True,MALE,Нет гарантии,"5,0",10,False,False,,,,,,50.694555,,0,4
True,False,16.0,https://profi.ru/profile/SalimgarayevIM/,https://profi.ru/profile/SalimgarayevIM/,153.0,True,MALE,Нет гарантии,0,0,False,False,,,,,,50.684475666666664,,0,0
,,,https://profi.ru/profile/SalmanovAM2/,https://profi.ru/profile/SalmanovAM2/,15.0,True,,Нет гарантии,"4,88",34,False,False,,Мало отзывов по вашей услуге,10.0,,,50.5820467,,2,0
True,False,7.0,https://profi.ru/profile/SalyayevAS2/,https://profi.ru/profile/SalyayevAS2/,32.0,True,MALE,Нет гарантии,0,0,False,False,,,,,,50.93406,На сервисе с марта 2026 г,0,0
False,True,17.0,https://profi.ru/profile/SamigullinAA/,https://profi.ru/profile/SamigullinAA/,72.0,False,MALE,По договоренности,"5,0",2,False,False,,,,,,50.79198,,0,0
True,False,9.0,https://profi.ru/profile/SamoylovAA8/,https://profi.ru/profile/SamoylovAA8/,129.0,True,MALE,Нет гарантии,"5,0",4,False,False,,,,,,50.736776,,0,0
True,False,4.0,https://profi.ru/profile/SapparovRI/,https://profi.ru/profile/SapparovRI/,104.0,True,MALE,Нет гарантии,0,0,False,False,,,,,,50.7671342,На сервисе с марта 2022 г. (4 года),0,0
True,False,3.0,https://profi.ru/profile/SattarovAN7/,https://profi.ru/profile/SattarovAN7/,152.0,True,MALE,Нет гарантии,0,0,False,False,,,,,,50.504114,,0,0
False,False,7.0,https://profi.ru/profile/SattarovRS2/,https://profi.ru/profile/SattarovRS2/,90.0,False,MALE,По договоренности,"4,56",48,False,False,,Мало отзывов по вашей услуге,,,Договор,50.65717966666667,На сервисе с июля 2019 г. (6 лет),5,8
True,False,5.0,https://profi.ru/profile/SavelevAV55/,https://profi.ru/profile/SavelevAV55/,95.0,True,MALE,Нет гарантии,0,0,False,False,,,,,,50.700478000000004,На сервисе с января 2021 г. (5 лет),0,0
True,False,7.0,https://profi.ru/profile/SavgildinKV/,https://profi.ru/profile/SavgildinKV/,108.0,False,MALE,Нет гарантии,"4,84",123,False,False,,,,,,50.7703542,На сервисе с сентября 2019 г. (6 лет),0,0
False,True,11.0,https://profi.ru/profile/SaydelovRA/,https://profi.ru/profile/SaydelovRA/,145.0,True,MALE,Нет гарантии,"4,67",3,False,False,,,,,,50.75080566666667,,0,0
True,False,5.0,https://profi.ru/profile/ScherbakovFV/,https://profi.ru/profile/ScherbakovFV/,5.0,True,MALE,Нет гарантии,"5,0",28,False,False,,,,,,50.65990300000001,На сервисе с мая 2021 г. (5 лет),0,1
True,False,1.0,https://profi.ru/profile/SemenovKG3/,https://profi.ru/profile/SemenovKG3/,165.0,True,MALE,Нет гарантии,0,0,False,False,,,,,,50.66469333333333,На сервисе с мая 2025 г. (1 год),0,0
False,False,,https://profi.ru/profile/SemenychevSV/,https://profi.ru/profile/SemenychevSV/,103.0,True,MALE,Нет гарантии,"4,0",3,False,False,,,,,,50.684257,На сервисе с августа 2024 г. (1 год),0,0
True,False,3.0,https://profi.ru/profile/SemenyukNS2/,https://profi.ru/profile/SemenyukNS2/,105.0,True,MALE,Нет гарантии,0,0,False,False,,,,,,50.7733806,,0,0
False,True,3.0,https://profi.ru/profile/SergeyevMV24/,https://profi.ru/profile/SergeyevMV24/,64.0,False,MALE,Нет гарантии,"4,69",13,False,False,1000.0,Нет отзывов по вашей услуге,5.0,,,50.464361,,5,0
True,False,13.0,https://profi.ru/profile/SergeyevVA34/,https://profi.ru/profile/SergeyevVA34/,154.0,True,MALE,Нет гарантии,0,0,False,False,,,,,,50.75817375,,0,0
,,,https://profi.ru/profile/SergeyevVM8/,https://profi.ru/profile/SergeyevVM8/,112.0,True,MALE,Нет гарантии,0,0,False,False,,,,,,50.76893975,На сервисе с ноября 2022 г. (3 года),0,0
False,False,10.0,https://profi.ru/profile/SevastyanovOV6/,https://profi.ru/profile/SevastyanovOV6/,96.0,True,MALE,По договоренности,0,0,False,False,,,5.0,,,50.549325333333336,На сервисе с апреля 2026 г,0,0
True,False,11.0,https://profi.ru/profile/SevostyanovOV5/,https://profi.ru/profile/SevostyanovOV5/,151.0,True,MALE,Нет гарантии,"5,0",1,False,False,,,,,,50.72429400000001,,0,0
,,,https://profi.ru/profile/ShafiyevAF2/,https://profi.ru/profile/ShafiyevAF2/,159.0,True,MALE,Нет гарантии,0,0,False,False,,,,,,50.630809666666664,На сервисе с октября 2024 г. (1 год),0,2
True,False,5.0,https://profi.ru/profile/ShaidullinMR2/,https://profi.ru/profile/ShaidullinMR2/,79.0,True,MALE,Нет гарантии,"5,0",19,False,False,,,,,,50.73523333333333,На сервисе с февраля 2021 г. (5 лет),0,17
True,False,10.0,https://profi.ru/profile/ShaihutdinovFT/,https://profi.ru/profile/ShaihutdinovFT/,93.0,True,,Нет гарантии,"5,0",29,False,False,800.0,,,,,50.535405555555556,,0,9
True,False,27.0,https://profi.ru/profile/ShaihutdinovRR/,https://profi.ru/profile/ShaihutdinovRR/,88.0,True,MALE,«3 года»,"5,0",1,False,False,500.0,,,,,50.8195965,,0,0
True,False,13.0,https://profi.ru/profile/ShaitanAS/,https://profi.ru/profile/ShaitanAS/,157.0,False,MALE,«2 года»,"4,53",89,False,False,,Мало отзывов по вашей услуге,,,,50.63628,,0,0
True,False,6.0,https://profi.ru/profile/ShakarliMS/,https://profi.ru/profile/ShakarliMS/,64.0,True,MALE,Нет гарантии,"5,0",2,False,False,,,5.0,,,50.796507000000005,,0,2
False,False,26.0,https://profi.ru/profile/ShakirovAM21/,https://profi.ru/profile/ShakirovAM21/,56.0,True,MALE,Нет гарантии,"5,0",2,False,False,,,,,,50.54255975,На сервисе с апреля 2026 г,0,8
,,,https://profi.ru/profile/ShakirovEG/,https://profi.ru/profile/ShakirovEG/,44.0,True,MALE,«На 1 год»,"4,92",50,False,False,,Мало отзывов по вашей услуге,,,Договор,50.594894555555555,На сервисе с декабря 2020 г. (5 лет),3,0
False,False,6.0,https://profi.ru/profile/ShakirovEI3/,https://profi.ru/profile/ShakirovEI3/,155.0,True,MALE,Нет гарантии,0,0,False,False,150.0,,,,,50.689871333333336,,0,0
True,False,24.0,https://profi.ru/profile/ShakirovIG/,https://profi.ru/profile/ShakirovIG/,71.0,True,MALE,Нет гарантии,"4,69",13,False,False,,,,,,50.80012,,0,4
,,,https://profi.ru/profile/ShakirovII2/,https://profi.ru/profile/ShakirovII2/,15.0,True,MALE,По договоренности,"4,98",1222,False,False,,,,,,50.579190636363634,,0,0
True,True,9.0,https://profi.ru/profile/ShakirovII23/,https://profi.ru/profile/ShakirovII23/,139.0,True,MALE,Нет гарантии,"5,0",5,False,False,500.0,,,,,50.492086666666665,,0,7
True,False,7.0,https://profi.ru/profile/ShakirovIR8/,https://profi.ru/profile/ShakirovIR8/,134.0,True,MALE,Нет гарантии,"5,0",1,False,False,,,,,,50.698433666666666,,0,7
True,False,4.0,https://profi.ru/profile/ShakirovRR29/,https://profi.ru/profile/ShakirovRR29/,111.0,False,,Нет гарантии,0,0,False,False,,,,,,50.7603176,На сервисе с ноября 2021 г. (4 года),0,0
False,True,15.0,https://profi.ru/profile/ShakirovRR61/,https://profi.ru/profile/ShakirovRR61/,121.0,True,MALE,Нет гарантии,"5,0",7,False,False,,,100.0,,,50.80006,,0,20
False,True,7.0,https://profi.ru/profile/ShakirzyanovEI/,https://profi.ru/profile/ShakirzyanovEI/,155.0,True,MALE,Нет гарантии,0,0,False,False,,,,,,50.69126633333334,,0,0
False,False,15.0,https://profi.ru/profile/ShakurovEM/,https://profi.ru/profile/ShakurovEM/,92.0,True,MALE,Нет гарантии,0,0,False,False,,,,,,50.777352199999996,На сервисе с июля 2020 г. (5 лет),0,0
,,,https://profi.ru/profile/ShamsutdinovAG2/,https://profi.ru/profile/ShamsutdinovAG2/,96.0,True,,Нет гарантии,"5,0",10,False,False,,,,,,50.76995839999999,На сервисе с марта 2021 г. (5 лет),0,6
True,False,6.0,https://profi.ru/profile/ShamsutdinovNI/,https://profi.ru/profile/ShamsutdinovNI/,60.0,True,MALE,Нет гарантии,0,0,False,False,,,,,,50.4623075,На сервисе с июля 2020 г. (5 лет),0,0
False,True,,https://profi.ru/profile/SharafiyevDF/,https://profi.ru/profile/SharafiyevDF/,154.0,True,MALE,Нет гарантии,0,0,False,False,,,,,,50.63729833333334,,0,0
True,False,5.0,https://profi.ru/profile/SharafutdinovRE/,https://profi.ru/profile/SharafutdinovRE/,141.0,True,MALE,Нет гарантии,"4,99",67,False,False,,Мало отзывов по вашей услуге,,,,50.5407905,На сервисе с июля 2021 г. (4 года),0,0
True,False,7.0,https://profi.ru/profile/SharayevDL/,https://profi.ru/profile/SharayevDL/,140.0,True,MALE,Нет гарантии,0,0,False,False,,,,,,50.69699566666666,На сервисе с декабря 2025 г,0,14
False,True,19.0,https://profi.ru/profile/SharipovRR70/,https://profi.ru/profile/SharipovRR70/,130.0,True,MALE,Нет гарантии,0,0,False,False,,,,,,50.461005,,0,4
True,False,5.0,https://profi.ru/profile/ShashtingarinovRD2/,https://profi.ru/profile/ShashtingarinovRD2/,132.0,True,MALE,Нет гарантии,0,0,False,False,,,10.0,,,50.753965,На сервисе с сентября 2020 г. (5 лет),0,0
True,False,2.0,https://profi.ru/profile/ShavaleyevAF/,https://profi.ru/profile/ShavaleyevAF/,98.0,True,MALE,Нет гарантии,"4,33",6,False,False,,Нет отзывов по вашей услуге,,,,50.7989886,На сервисе с ноября 2024 г. (1 год),0,0
True,False,7.0,https://profi.ru/profile/ShavaliyevVA2/,https://profi.ru/profile/ShavaliyevVA2/,95.0,True,MALE,Нет гарантии,0,0,False,False,,,,,,50.691159999999996,На сервисе с декабря 2025 г,0,0
True,False,12.0,https://profi.ru/profile/ShaydullinDR2/,https://profi.ru/profile/ShaydullinDR2/,116.0,True,MALE,Нет гарантии,0,0,False,False,,,,,,50.74536466666667,На сервисе с марта 2026 г,2,0
True,False,7.0,https://profi.ru/profile/ShaygardanovAI/,https://profi.ru/profile/ShaygardanovAI/,57.0,True,MALE,Нет гарантии,"4,85",73,False,False,,,,,,50.618008,На сервисе с июня 2025 г,0,0
False,True,,https://profi.ru/profile/ShaykhraziyevBM2/,https://profi.ru/profile/ShaykhraziyevBM2/,173.0,True,MALE,Нет гарантии,0,0,False,False,,,,,,50.6861,,0,0
False,True,5.0,https://profi.ru/profile/ShaykhutdinovSR3/,https://profi.ru/profile/ShaykhutdinovSR3/,117.0,True,MALE,Нет гарантии,"5,0",8,False,False,,Мало отзывов по вашей услуге,,,,50.5186959,,0,6
False,False,12.0,https://profi.ru/profile/ShaymanovDN/,https://profi.ru/profile/ShaymanovDN/,26.0,True,MALE,Нет гарантии,"5,0",1,False,False,,,,,,50.95538,На сервисе с марта 2026 г,0,0
True,False,3.0,https://profi.ru/profile/ShaymardanovRR2/,https://profi.ru/profile/ShaymardanovRR2/,21.0,True,MALE,Нет гарантии,0,0,False,False,,,,,,50.889713,На сервисе с февраля 2023 г. (3 года),0,0
True,False,5.0,https://profi.ru/profile/ShigabievFN/,https://profi.ru/profile/ShigabievFN/,140.0,True,MALE,Нет гарантии,"5,0",6,False,False,,,,,,50.7420734,На сервисе с апреля 2021 г. (5 лет),0,17
,,,https://profi.ru/profile/ShigabutdinovIE/,https://profi.ru/profile/ShigabutdinovIE/,154.0,True,MALE,"«Договор подряда, и гарантия на работы до 10 лет»","4,78",18,False,False,,Мало отзывов по вашей услуге,5.0,,,50.50229228571429,На сервисе с февраля 2019 г. (7 лет),0,0
True,False,4.0,https://profi.ru/profile/ShigabutdinovRR7/,https://profi.ru/profile/ShigabutdinovRR7/,162.0,True,MALE,Нет гарантии,"4,93",122,False,False,,,,,,50.4650695,На сервисе с сентября 2021 г. (4 года),0,0
True,False,28.0,https://profi.ru/profile/ShigaevGB/,https://profi.ru/profile/ShigaevGB/,60.0,False,MALE,«1 год»,"5,0",10,False,False,350.0,,100.0,,Договор,50.54278975,,4,47
True,False,9.0,https://profi.ru/profile/ShimYN/,https://profi.ru/profile/ShimYN/,111.0,True,MALE,Нет гарантии,"5,0",5,False,False,,Нет отзывов по вашей услуге,,,,50.676949,,0,2
True,False,3.0,https://profi.ru/profile/ShinkarovAS/,https://profi.ru/profile/ShinkarovAS/,120.0,True,MALE,Нет гарантии,"5,0",9,False,False,,,15.0,,,50.7584735,,0,0
True,False,12.0,https://profi.ru/profile/ShiyapovAY/,https://profi.ru/profile/ShiyapovAY/,144.0,True,MALE,Нет гарантии,0,0,False,False,,,,,,50.763172,,0,19
,,,https://profi.ru/profile/ShoginEG/,https://profi.ru/profile/ShoginEG/,125.0,True,MALE,«1 месяц»,"5,0",19,False,False,350.0,,,,,50.72126075,На сервисе с мая 2016 г. (9 лет),0,0
False,False,11.0,https://profi.ru/profile/ShubinVA18/,https://profi.ru/profile/ShubinVA18/,123.0,True,MALE,Нет гарантии,0,0,False,False,,,,,,50.758768200000006,,0,0
False,False,23.0,https://profi.ru/profile/ShukurovMS5/,https://profi.ru/profile/ShukurovMS5/,134.0,True,,Нет гарантии,"5,0",28,False,False,,Мало отзывов по вашей услуге,,,,50.71186666666667,На сервисе с июля 2022 г. (3 года),0,1
False,True,6.0,https://profi.ru/profile/SibgatullinAA5/,https://profi.ru/profile/SibgatullinAA5/,73.0,True,MALE,Нет гарантии,0,0,False,False,200.0,,,,,50.750459500000005,,12,57
,,,https://profi.ru/profile/SibgatullinBI2/,https://profi.ru/profile/SibgatullinBI2/,35.0,True,MALE,Нет гарантии,"5,0",1,False,False,,,,,,50.91302,На сервисе с марта 2023 г. (3 года),0,0
False,False,11.0,https://profi.ru/profile/SidorkinAP/,https://profi.ru/profile/SidorkinAP/,104.0,False,MALE,По договоренности,"4,27",11,False,False,,Мало отзывов по вашей услуге,,,Договор,50.59157881818182,На сервисе с марта 2026 г,0,0
,,,https://profi.ru/profile/SilinNN3/,https://profi.ru/profile/SilinNN3/,62.0,True,MALE,Нет гарантии,"5,0",4,False,False,,,,,,50.46364,На сервисе с марта 2026 г,0,0
True,False,7.0,https://profi.ru/profile/SirazutdinovAM/,https://profi.ru/profile/SirazutdinovAM/,74.0,True,MALE,Нет гарантии,"5,0",5,False,False,,Нет отзывов по вашей услуге,,,,50.611455,На сервисе с марта 2026 г,0,0
True,False,5.0,https://profi.ru/profile/SirotovMV/,https://profi.ru/profile/SirotovMV/,140.0,True,MALE,Нет гарантии,0,0,False,False,500.0,,,,,50.5658315,На сервисе с января 2021 г. (5 лет),0,0
False,True,5.0,https://profi.ru/profile/SitdikovII4/,https://profi.ru/profile/SitdikovII4/,21.0,True,MALE,Нет гарантии,0,0,False,False,,,5.0,,,50.7593,,0,0
False,True,5.0,https://profi.ru/profile/SkobtsovVA2/,https://profi.ru/profile/SkobtsovVA2/,127.0,True,MALE,Нет гарантии,"5,0",1,False,False,,,,,,50.75428675,,0,0
True,False,1.0,https://profi.ru/profile/SkorobogatovSN2/,https://profi.ru/profile/SkorobogatovSN2/,54.0,True,MALE,Нет гарантии,"5,0",4,False,False,,,,,,50.873795,На сервисе с февраля 2025 г. (1 год),1,0
True,False,15.0,https://profi.ru/profile/SmalAV6/,https://profi.ru/profile/SmalAV6/,107.0,True,MALE,Нет гарантии,"5,0",3,False,False,,,,,,50.524846555555555,,0,15
True,False,28.0,https://profi.ru/profile/SnegirevVL/,https://profi.ru/profile/SnegirevVL/,88.0,True,MALE,«1 год»,"5,0",17,False,False,250.0,Нет отзывов по вашей услуге,,,,50.693281,,0,0
True,False,4.0,https://profi.ru/profile/SolievSN2/,https://profi.ru/profile/SolievSN2/,130.0,True,,Нет гарантии,0,0,False,False,,,,,,50.70534166666667,На сервисе с декабря 2022 г. (3 года),0,0
True,False,1.0,https://profi.ru/profile/SolomennikovVR/,https://profi.ru/profile/SolomennikovVR/,138.0,True,MALE,Нет гарантии,"4,40",5,False,False,,Нет отзывов по вашей услуге,,,,50.4414154,На сервисе с марта 2025 г. (1 год),0,0
True,False,5.0,https://profi.ru/profile/SoltsynIV/,https://profi.ru/profile/SoltsynIV/,144.0,False,,По договоренности,0,0,False,False,,,,,,50.6177615,На сервисе с марта 2026 г,0,2
True,False,27.0,https://profi.ru/profile/SosnovskiySA4/,https://profi.ru/profile/SosnovskiySA4/,60.0,True,MALE,Нет гарантии,"4,97",65,False,False,,,,,,50.540494875,,0,0
False,True,9.0,https://profi.ru/profile/StalbekUK/,https://profi.ru/profile/StalbekUK/,160.0,True,FEMALE,Нет гарантии,"5,0",4,False,False,,,,,,50.5063515,,0,0
False,True,7.0,https://profi.ru/profile/StepochkinAS/,https://profi.ru/profile/StepochkinAS/,88.0,True,MALE,Нет гарантии,0,0,False,False,,,,,,50.705898000000005,,0,0
True,False,7.0,https://profi.ru/profile/StrizhakIP/,https://profi.ru/profile/StrizhakIP/,124.0,False,MALE,По договоренности,"5,0",6,False,False,,Нет отзывов по вашей услуге,10.0,,Договор,50.51037877777778,На сервисе с января 2024 г. (2 года),0,0
True,False,7.0,https://profi.ru/profile/SuleimanovRR15/,https://profi.ru/profile/SuleimanovRR15/,84.0,True,MALE,Нет гарантии,"4,83",46,False,False,500.0,Мало отзывов по вашей услуге,,,,50.7938108,На сервисе с июня 2019 г. (6 лет),0,0
True,False,5.0,https://profi.ru/profile/SuleymanovIM7/,https://profi.ru/profile/SuleymanovIM7/,134.0,True,,Нет гарантии,"5,0",3,False,False,,,,,,50.573409166666664,На сервисе с января 2026 г,0,7
False,True,7.0,https://profi.ru/profile/SuleymanovRR25/,https://profi.ru/profile/SuleymanovRR25/,152.0,True,MALE,Нет гарантии,0,0,False,False,,,,,,50.6087775,,1,2
True,False,5.0,https://profi.ru/profile/SulimanKA/,https://profi.ru/profile/SulimanKA/,62.0,True,MALE,Нет гарантии,"5,0",3,False,False,,,,,,50.552430625,На сервисе с октября 2021 г. (4 года),0,2
,,,https://profi.ru/profile/SultanovIR5/,https://profi.ru/profile/SultanovIR5/,120.0,True,MALE,Нет гарантии,"5,0",1,False,False,,,,,,50.7495952,,0,4
False,False,1.0,https://profi.ru/profile/SultanovKR4/,https://profi.ru/profile/SultanovKR4/,149.0,True,MALE,Нет гарантии,"5,0",1,False,False,,,,,,50.60514733333333,,0,0
False,False,,https://profi.ru/profile/SungatullinRA/,https://profi.ru/profile/SungatullinRA/,94.0,True,MALE,По договоренности,"5,0",2,False,False,,,,,,50.687957999999995,На сервисе с июня 2019 г. (6 лет),2,2
,,,https://profi.ru/profile/SurkovNN2/,https://profi.ru/profile/SurkovNN2/,173.0,True,,Нет гарантии,"5,0",1,False,False,,,10.0,,,50.463133625,На сервисе с декабря 2024 г. (1 год),0,5
,,,https://profi.ru/profile/SuslovAS23/,https://profi.ru/profile/SuslovAS23/,80.0,True,MALE,Нет гарантии,"5,0",37,False,False,,,,,,50.56206211111111,,0,23
True,False,5.0,https://profi.ru/profile/SyraevAG/,https://profi.ru/profile/SyraevAG/,124.0,True,MALE,Нет гарантии,0,0,False,False,,,,,,50.78833,На сервисе с июня 2021 г. (4 года),0,0
True,False,1.0,https://profi.ru/profile/TaipovDK/,https://profi.ru/profile/TaipovDK/,150.0,True,MALE,Нет гарантии,0,0,False,False,,,,,,50.6560785,На сервисе с февраля 2025 г. (1 год),0,0
False,False,7.0,https://profi.ru/profile/TashevVV/,https://profi.ru/profile/TashevVV/,158.0,True,MALE,Нет гарантии,"5,0",10,False,False,,Нет отзывов по вашей услуге,,,,50.60631075,На сервисе с октября 2022 г. (3 года),0,1
False,False,10.0,https://profi.ru/profile/TatanovAA/,https://profi.ru/profile/TatanovAA/,54.0,True,MALE,Нет гарантии,"4,88",16,False,False,,Мало отзывов по вашей услуге,,,,50.749268,На сервисе с сентября 2020 г. (5 лет),0,0
False,False,,https://profi.ru/profile/TazetdinovIM2/,https://profi.ru/profile/TazetdinovIM2/,153.0,True,,Нет гарантии,"5,0",1,False,False,,,,,,50.651869,На сервисе с февраля 2023 г. (3 года),0,0
True,False,7.0,https://profi.ru/profile/TaziyevAI2/,https://profi.ru/profile/TaziyevAI2/,130.0,True,MALE,Нет гарантии,0,0,False,False,,,5.0,,,50.7534915,На сервисе с сентября 2025 г,0,0
True,False,23.0,https://profi.ru/profile/TeplovNF/,https://profi.ru/profile/TeplovNF/,105.0,True,MALE,Нет гарантии,"4,92",39,False,False,,Нет отзывов по вашей услуге,10.0,,,50.58409044444445,На сервисе с августа 2020 г. (5 лет),3,0
False,False,7.0,https://profi.ru/profile/TimerbaievFF/,https://profi.ru/profile/TimerbaievFF/,123.0,True,,Нет гарантии,"5,0",1,False,False,,,,,,50.6690348,На сервисе с сентября 2019 г. (6 лет),0,5
True,False,2.0,https://profi.ru/profile/TimirbulatovAA/,https://profi.ru/profile/TimirbulatovAA/,150.0,True,MALE,Нет гарантии,"5,0",3,False,False,,,,,,50.614243,На сервисе с июля 2024 г. (1 год),0,0
True,False,19.0,https://profi.ru/profile/TimoninAA8/,https://profi.ru/profile/TimoninAA8/,121.0,True,MALE,Нет гарантии,"4,80",49,False,False,,,,,,50.607486,,0,41
,,,https://profi.ru/profile/TimurgaliyevTN/,https://profi.ru/profile/TimurgaliyevTN/,95.0,True,MALE,Нет гарантии,0,0,False,False,,,5.0,,,50.7814376,На сервисе с января 2025 г. (1 год),0,0
True,False,1.0,https://profi.ru/profile/TitovSD5/,https://profi.ru/profile/TitovSD5/,121.0,True,MALE,Нет гарантии,0,0,False,False,,,,,,50.71967833333334,На сервисе с марта 2025 г. (1 год),0,0
True,False,5.0,https://profi.ru/profile/TlepbayevRR/,https://profi.ru/profile/TlepbayevRR/,96.0,True,MALE,Нет гарантии,0,0,False,False,,,,,,50.802203500000005,,0,0
True,False,5.0,https://profi.ru/profile/TrebikayevAV/,https://profi.ru/profile/TrebikayevAV/,146.0,True,MALE,Нет гарантии,0,0,False,False,,,,,,50.655016,На сервисе с февраля 2026 г,0,0
False,False,1.0,https://profi.ru/profile/TretyakovSV19/,https://profi.ru/profile/TretyakovSV19/,110.0,False,MALE,Нет гарантии,"4,59",145,False,False,,Мало отзывов по вашей услуге,,,,50.6610445,На сервисе с июня 2024 г. (1 год),0,0
True,False,5.0,https://profi.ru/profile/TrifonovVP3/,https://profi.ru/profile/TrifonovVP3/,102.0,True,MALE,Нет гарантии,0,0,False,False,,,,,,50.756733499999996,На сервисе с февраля 2026 г,0,0
True,False,5.0,https://profi.ru/profile/TrofimovDA55/,https://profi.ru/profile/TrofimovDA55/,157.0,True,MALE,Нет гарантии,"5,0",2,False,False,,,10.0,,,50.47172222222222,На сервисе с марта 2026 г,0,0
False,True,7.0,https://profi.ru/profile/TrofimovVV16/,https://profi.ru/profile/TrofimovVV16/,106.0,True,MALE,По договоренности,"5,0",85,False,False,,,,,,50.5478667,На сервисе с ноября 2019 г. (6 лет),0,41
False,True,21.0,https://profi.ru/profile/TsaregorodtsevYO/,https://profi.ru/profile/TsaregorodtsevYO/,50.0,True,MALE,Нет гарантии,"5,0",1,False,False,,,,,,50.525082857142856,,0,0
False,False,12.0,https://profi.ru/profile/TsybinAE2/,https://profi.ru/profile/TsybinAE2/,133.0,False,MALE,Нет гарантии,"4,90",20,False,False,,Мало отзывов по вашей услуге,,,,50.753965,На сервисе с апреля 2020 г. (6 лет),0,0
True,False,4.0,https://profi.ru/profile/TukhvatullinFR/,https://profi.ru/profile/TukhvatullinFR/,145.0,True,MALE,Нет гарантии,0,0,False,False,,,,,,50.618995999999996,На сервисе с декабря 2021 г. (4 года),0,0
True,False,7.0,https://profi.ru/profile/TurayevGN2/,https://profi.ru/profile/TurayevGN2/,88.0,True,,Нет гарантии,0,0,False,False,,,,,,50.7825105,На сервисе с октября 2025 г,0,0
False,True,,https://profi.ru/profile/TuraykhanovDA/,https://profi.ru/profile/TuraykhanovDA/,112.0,True,MALE,Нет гарантии,"5,0",1,False,False,,,,,,50.778105,,0,0
False,False,1.0,https://profi.ru/profile/TurtsevYY/,https://profi.ru/profile/TurtsevYY/,138.0,True,MALE,Нет гарантии,0,0,False,False,,,,,,50.734309999999994,На сервисе с июня 2025 г,0,0
,,,https://profi.ru/profile/TuturkinAD/,https://profi.ru/profile/TuturkinAD/,77.0,True,MALE,Нет гарантии,0,0,False,False,,,,,,50.7804075,,0,5
True,False,7.0,https://profi.ru/profile/TyurinVV12/,https://profi.ru/profile/TyurinVV12/,77.0,True,MALE,Нет гарантии,"5,0",20,False,False,,Нет отзывов по вашей услуге,,,,50.724957,На сервисе с октября 2024 г. (1 год),0,10
False,True,19.0,https://profi.ru/profile/UglavaGD/,https://profi.ru/profile/UglavaGD/,45.0,False,MALE,По договоренности,0,0,False,False,,,,,,50.721195,,0,0
True,False,,https://profi.ru/profile/UlasevichDV2/,https://profi.ru/profile/UlasevichDV2/,48.0,True,MALE,Нет гарантии,0,0,False,False,,,,,,50.74176,,0,0
True,True,18.0,https://profi.ru/profile/UliderovIV/,https://profi.ru/profile/UliderovIV/,117.0,False,MALE,По договоренности,"4,88",26,False,False,,,,,,50.755031,,0,16
True,True,10.0,https://profi.ru/profile/UnarovII/,https://profi.ru/profile/UnarovII/,77.0,True,MALE,Нет гарантии,"5,0",7,False,False,,,20.0,,,50.62961933333334,,0,0
True,False,13.0,https://profi.ru/profile/UsenkoAN3/,https://profi.ru/profile/UsenkoAN3/,100.0,True,MALE,Нет гарантии,0,0,False,False,,,,,,50.768806999999995,,0,0
False,True,30.0,https://profi.ru/profile/UsmanovVA7/,https://profi.ru/profile/UsmanovVA7/,154.0,True,MALE,Нет гарантии,0,0,False,False,250.0,,5.0,,,50.650749,,4,50
False,True,,https://profi.ru/profile/VadzhipovRSh/,https://profi.ru/profile/VadzhipovRSh/,142.0,True,MALE,Нет гарантии,"4,29",7,False,False,,Нет отзывов по вашей услуге,,,,50.723755249999996,,0,0
True,False,7.0,https://profi.ru/profile/VafinFF2/,https://profi.ru/profile/VafinFF2/,131.0,True,MALE,Нет гарантии,0,0,False,False,,,,,,50.6589585,На сервисе с марта 2026 г,0,0
False,True,,https://profi.ru/profile/VafinRI6/,https://profi.ru/profile/VafinRI6/,79.0,True,MALE,Нет гарантии,"5,0",1,False,False,,,,,,50.739107000000004,,0,8
False,True,17.0,https://profi.ru/profile/VagapovDR5/,https://profi.ru/profile/VagapovDR5/,154.0,True,MALE,Нет гарантии,"5,0",5,False,False,,Нет отзывов по вашей услуге,,,,50.611595,,0,0
True,False,5.0,https://profi.ru/profile/VahitovIS3/,https://profi.ru/profile/VahitovIS3/,46.0,True,MALE,Нет гарантии,0,0,False,False,,,5.0,,,50.7409915,На сервисе с октября 2021 г. (4 года),0,0
,,,https://profi.ru/profile/VahoninAM/,https://profi.ru/profile/VahoninAM/,168.0,True,MALE,Нет гарантии,"5,0",1,False,False,,,,,,50.66613966666667,На сервисе с ноября 2020 г. (5 лет),0,8
True,False,7.0,https://profi.ru/profile/ValeyevAA22/,https://profi.ru/profile/ValeyevAA22/,102.0,True,MALE,Нет гарантии,0,0,False,False,,,,,,50.755782249999996,На сервисе с апреля 2026 г,0,0
True,False,3.0,https://profi.ru/profile/ValeyevNN/,https://profi.ru/profile/ValeyevNN/,62.0,True,MALE,Нет гарантии,0,0,False,False,450.0,,,,,50.8329725,,0,0
True,False,8.0,https://profi.ru/profile/ValeyevRI4/,https://profi.ru/profile/ValeyevRI4/,139.0,True,MALE,Нет гарантии,0,0,False,False,,,,,,50.513697,На сервисе с апреля 2026 г,0,0
False,True,12.0,https://profi.ru/profile/ValievAK/,https://profi.ru/profile/ValievAK/,101.0,True,MALE,Нет гарантии,"5,0",1,False,False,,,,,,50.7645465,,0,0
True,False,5.0,https://profi.ru/profile/ValishovEE2/,https://profi.ru/profile/ValishovEE2/,117.0,True,MALE,Нет гарантии,0,0,False,False,,,,,,50.74594266666667,На сервисе с января 2026 г,0,0
True,True,17.0,https://profi.ru/profile/ValiullinMF2/,https://profi.ru/profile/ValiullinMF2/,126.0,True,MALE,Нет гарантии,0,0,False,False,150.0,,,,,50.73768025,,0,16
True,True,,https://profi.ru/profile/ValiyevKK5/,https://profi.ru/profile/ValiyevKK5/,30.0,True,MALE,Нет гарантии,0,0,False,False,,,,,,50.745872,,0,0
False,True,10.0,https://profi.ru/profile/VanyushinaLR/,https://profi.ru/profile/VanyushinaLR/,159.0,False,FEMALE,По договоренности,"5,0",1,False,False,,,,,Договор,50.69317233333334,,2,0
False,True,3.0,https://profi.ru/profile/VasilyevAA208/,https://profi.ru/profile/VasilyevAA208/,132.0,True,MALE,Нет гарантии,0,0,False,False,,,,,,50.77598533333333,,0,10
False,True,12.0,https://profi.ru/profile/VasilyevRR4/,https://profi.ru/profile/VasilyevRR4/,105.0,True,MALE,Нет гарантии,0,0,False,False,,,,,,50.768483,,0,0
True,False,19.0,https://profi.ru/profile/VasyutkinMV/,https://profi.ru/profile/VasyutkinMV/,137.0,True,MALE,Нет гарантии,"5,0",2,False,False,100.0,,,,,50.7590285,,0,7
True,False,26.0,https://profi.ru/profile/VerushkinDO/,https://profi.ru/profile/VerushkinDO/,111.0,False,,Нет гарантии,0,0,False,False,,,,,,50.781502,,0,0
True,False,9.0,https://profi.ru/profile/VildanovIA2/,https://profi.ru/profile/VildanovIA2/,114.0,True,MALE,Нет гарантии,"4,99",84,False,False,,,,,,50.50562655555555,,0,0
False,True,6.0,https://profi.ru/profile/VitushkinVI/,https://profi.ru/profile/VitushkinVI/,72.0,True,MALE,Нет гарантии,"5,0",8,False,False,,,10.0,,,50.571585625,,8,0
True,False,7.0,https://profi.ru/profile/VokhobovYK/,https://profi.ru/profile/VokhobovYK/,20.0,True,,Нет гарантии,0,0,False,False,,,,,,50.762974,На сервисе с августа 2025 г,0,0
True,False,20.0,https://profi.ru/profile/VorobyevDI11/,https://profi.ru/profile/VorobyevDI11/,130.0,True,MALE,Нет гарантии,"4,0",4,False,False,,,15.0,,,50.7873815,,0,10
,,,https://profi.ru/profile/VoroninAV96/,https://profi.ru/profile/VoroninAV96/,96.0,True,MALE,Нет гарантии,"5,0",1,False,False,,,,,,50.783094500000004,На сервисе с октября 2023 г. (2 года),0,0
True,False,7.0,https://profi.ru/profile/YagushevNR3/,https://profi.ru/profile/YagushevNR3/,132.0,True,MALE,Нет гарантии,"5,0",10,False,False,,,,,,50.74580175,На сервисе с июля 2025 г,0,0
False,True,,https://profi.ru/profile/YakovlevDA52/,https://profi.ru/profile/YakovlevDA52/,143.0,True,MALE,Нет гарантии,"5,0",3,False,False,,,15.0,,,50.726854333333335,,0,2
True,False,7.0,https://profi.ru/profile/YarmukhametovAI/,https://profi.ru/profile/YarmukhametovAI/,90.0,True,MALE,Нет гарантии,"5,0",1,False,False,,,,,,50.697995,На сервисе с октября 2025 г,0,0
,,,https://profi.ru/profile/YashinTS/,https://profi.ru/profile/YashinTS/,119.0,True,MALE,Нет гарантии,0,0,False,False,,,,,,50.779311,На сервисе с апреля 2026 г,0,0
False,True,,https://profi.ru/profile/YazdanovRR/,https://profi.ru/profile/YazdanovRR/,88.0,True,MALE,Нет гарантии,"5,0",10,False,False,,,,,,50.74531466666667,,0,11
False,True,6.0,https://profi.ru/profile/YazovNI/,https://profi.ru/profile/YazovNI/,31.0,True,MALE,Нет гарантии,"3,0",2,False,False,500.0,,,,,50.934227,На сервисе с октября 2024 г. (1 год),0,2
False,False,4.0,https://profi.ru/profile/YegorPN/,https://profi.ru/profile/YegorPN/,124.0,True,,Нет гарантии,"5,0",71,False,False,,,,,,50.575800333333326,На сервисе с июля 2022 г. (3 года),0,16
False,False,5.0,https://profi.ru/profile/YegorovVO9/,https://profi.ru/profile/YegorovVO9/,81.0,True,MALE,Нет гарантии,0,0,False,False,,,,,,50.7253815,На сервисе с сентября 2025 г,0,0
True,False,7.0,https://profi.ru/profile/YelchiyevRM/,https://profi.ru/profile/YelchiyevRM/,145.0,True,MALE,Нет гарантии,"5,0",1,False,False,,,,,,50.74359175,,0,0
False,False,,https://profi.ru/profile/YelivanovAO/,https://profi.ru/profile/YelivanovAO/,149.0,True,MALE,Нет гарантии,"5,0",3,False,False,,,,,,50.76427675,На сервисе с июля 2025 г,0,4
True,False,9.0,https://profi.ru/profile/YershovVS11/,https://profi.ru/profile/YershovVS11/,169.0,True,MALE,Нет гарантии,0,0,False,False,,,,,,50.666301,,0,0
True,False,17.0,https://profi.ru/profile/YumanovSN2/,https://profi.ru/profile/YumanovSN2/,77.0,True,MALE,Нет гарантии,"4,91",116,False,False,,,,,,50.61600683333333,,0,8
True,False,7.0,https://profi.ru/profile/YunusovAA29/,https://profi.ru/profile/YunusovAA29/,98.0,True,,Нет гарантии,"5,0",1,False,False,,,,,,50.7015895,На сервисе с января 2025 г. (1 год),8,41
False,True,13.0,https://profi.ru/profile/YunusovAM12/,https://profi.ru/profile/YunusovAM12/,85.0,True,MALE,Нет гарантии,"5,0",1,False,False,,,,,,50.681246666666674,,0,0
True,False,5.0,https://profi.ru/profile/YunusovNR2/,https://profi.ru/profile/YunusovNR2/,86.0,True,,Нет гарантии,"5,0",35,False,False,,,,,,50.78507533333334,На сервисе с августа 2021 г. (4 года),0,0
True,False,7.0,https://profi.ru/profile/YurkovMG/,https://profi.ru/profile/YurkovMG/,84.0,True,MALE,Нет гарантии,"4,70",10,False,False,,,,,,50.8001,,0,64
False,True,7.0,https://profi.ru/profile/YusupovRS5/,https://profi.ru/profile/YusupovRS5/,32.0,True,MALE,Нет гарантии,0,0,False,False,,,,,,50.8210565,,0,9
True,False,7.0,https://profi.ru/profile/YusupovVA15/,https://profi.ru/profile/YusupovVA15/,120.0,True,MALE,Нет гарантии,0,0,False,False,,,,,,50.680437,На сервисе с апреля 2026 г,0,0
True,False,5.0,https://profi.ru/profile/YuzayevNA/,https://profi.ru/profile/YuzayevNA/,120.0,True,MALE,Нет гарантии,0,0,False,False,,,,,,50.755172,На сервисе с марта 2026 г,0,0
True,False,10.0,https://profi.ru/profile/YuzliyevSF/,https://profi.ru/profile/YuzliyevSF/,124.0,True,MALE,Нет гарантии,0,0,False,False,,,,,,50.73276533333333,,0,7
,,,https://profi.ru/profile/ZagidullinAF4/,https://profi.ru/profile/ZagidullinAF4/,51.0,True,MALE,Нет гарантии,"5,0",6,False,False,,,,,,50.58311966666666,На сервисе с октября 2025 г,0,17
True,False,11.0,https://profi.ru/profile/ZaidullinRR/,https://profi.ru/profile/ZaidullinRR/,114.0,True,MALE,Нет гарантии,0,0,False,False,,,,,,50.6769885,,0,1
True,False,7.0,https://profi.ru/profile/ZainutdinovAA/,https://profi.ru/profile/ZainutdinovAA/,114.0,True,MALE,Нет гарантии,0,0,False,False,,,,,,50.67264,На сервисе с января 2019 г. (7 лет),0,0
True,False,5.0,https://profi.ru/profile/ZainutdinovAF2/,https://profi.ru/profile/ZainutdinovAF2/,98.0,True,MALE,Нет гарантии,"4,44",16,False,False,,Нет отзывов по вашей услуге,,,,50.685665,На сервисе с января 2021 г. (5 лет),0,0
False,True,6.0,https://profi.ru/profile/ZakharovYS8/,https://profi.ru/profile/ZakharovYS8/,148.0,True,MALE,Нет гарантии,0,0,False,False,,,,,,50.6142865,На сервисе с декабря 2023 г. (2 года),0,0
True,False,7.0,https://profi.ru/profile/ZakirovKR2/,https://profi.ru/profile/ZakirovKR2/,71.0,True,MALE,Нет гарантии,0,0,False,False,,,,,,50.816823,На сервисе с июня 2025 г,0,0
False,True,42.0,https://profi.ru/profile/ZakirovKZ/,https://profi.ru/profile/ZakirovKZ/,109.0,True,MALE,«Гарантия на выполненную работу 12 месяцев»,"4,79",71,False,False,,,,,,50.71452,,0,0
True,False,4.0,https://profi.ru/profile/ZakirzyanovRD3/,https://profi.ru/profile/ZakirzyanovRD3/,131.0,True,MALE,Нет гарантии,0,0,False,False,,,,,,50.7539856,На сервисе с декабря 2022 г. (3 года),0,0
,,,https://profi.ru/profile/ZalaltdinovIM/,https://profi.ru/profile/ZalaltdinovIM/,147.0,True,MALE,Нет гарантии,0,0,False,False,,,,,,50.64796933333334,,0,0
True,False,4.0,https://profi.ru/profile/ZapparovEE/,https://profi.ru/profile/ZapparovEE/,70.0,True,,Нет гарантии,0,0,False,False,,,,,,50.792919,На сервисе с ноября 2021 г. (4 года),0,0
True,False,2.0,https://profi.ru/profile/ZaripovDM12/,https://profi.ru/profile/ZaripovDM12/,73.0,True,MALE,Нет гарантии,"5,0",3,False,False,,,,,,50.51555814285714,На сервисе с февраля 2024 г. (2 года),0,0
True,False,7.0,https://profi.ru/profile/ZaripovRR51/,https://profi.ru/profile/ZaripovRR51/,107.0,True,MALE,Нет гарантии,"4,65",52,False,False,1500.0,,10.0,,,50.583103666666666,,0,22
True,False,2.0,https://profi.ru/profile/ZaripovRR65/,https://profi.ru/profile/ZaripovRR65/,66.0,True,MALE,Нет гарантии,"5,0",1,False,False,,,,,,50.712785499999995,На сервисе с ноября 2024 г. (1 год),0,0
True,False,5.0,https://profi.ru/profile/ZaynetdinovAI2/,https://profi.ru/profile/ZaynetdinovAI2/,163.0,True,MALE,Нет гарантии,0,0,False,False,,,,,,50.63222999999999,На сервисе с апреля 2026 г,0,8
True,False,7.0,https://profi.ru/profile/ZaynullinIF2/,https://profi.ru/profile/ZaynullinIF2/,27.0,True,MALE,Нет гарантии,0,0,False,False,,,5.0,,,50.949726,На сервисе с марта 2025 г. (1 год),1,0
False,True,,https://profi.ru/profile/ZaynullinRS2/,https://profi.ru/profile/ZaynullinRS2/,156.0,True,MALE,Нет гарантии,"3,0",2,False,False,600.0,,,,,50.715639333333336,,0,0
True,False,5.0,https://profi.ru/profile/ZaynullinRS4/,https://profi.ru/profile/ZaynullinRS4/,155.0,True,MALE,Нет гарантии,0,0,False,False,,,,,,50.693801666666666,На сервисе с января 2026 г,0,0
True,False,7.0,https://profi.ru/profile/ZenkovEV4/,https://profi.ru/profile/ZenkovEV4/,41.0,True,MALE,Нет гарантии,"4,50",8,False,False,,Нет отзывов по вашей услуге,5.0,,,50.899643,На сервисе с мая 2021 г. (4 года),0,0
True,False,11.0,https://profi.ru/profile/ZhalyalevRZ2/,https://profi.ru/profile/ZhalyalevRZ2/,110.0,True,MALE,«В разумных пределах на то что от меня зависит. Можно прописывать в Договоре»,0,0,False,False,50000.0,,,,Договор,50.680233,,0,7
True,False,7.0,https://profi.ru/profile/ZharovAS14/,https://profi.ru/profile/ZharovAS14/,120.0,True,MALE,Нет гарантии,0,0,False,False,,,,,,50.6947815,На сервисе с февраля 2026 г,0,0
True,False,5.0,https://profi.ru/profile/ZharovIO/,https://profi.ru/profile/ZharovIO/,113.0,True,MALE,Нет гарантии,"5,0",17,False,False,,,10.0,,,50.46319783333333,На сервисе с сентября 2021 г. (4 года),0,0
,,,https://profi.ru/profile/ZhernovAA3/,https://profi.ru/profile/ZhernovAA3/,96.0,True,MALE,«6 месяцев»,"4,94",259,False,False,550.0,,10.0,,,50.5688025,,0,4
False,False,,https://profi.ru/profile/ZhukovAF4/,https://profi.ru/profile/ZhukovAF4/,101.0,True,MALE,Нет гарантии,"5,0",1,False,False,,,,,,50.71289,На сервисе с января 2026 г,0,0
False,False,,https://profi.ru/profile/ZhurayevSA12/,https://profi.ru/profile/ZhurayevSA12/,106.0,True,,По договоренности,"5,0",9,False,False,,Нет отзывов по вашей услуге,,,Договор,50.53236444444445,,20,8
False,False,1.0,https://profi.ru/profile/ZiganshinRR20/,https://profi.ru/profile/ZiganshinRR20/,33.0,True,MALE,Нет гарантии,"5,0",4,False,False,,,,,,50.92352,На сервисе с июля 2025 г,0,0
False,False,1.0,https://profi.ru/profile/ZinatullinBA/,https://profi.ru/profile/ZinatullinBA/,102.0,True,MALE,Нет гарантии,0,0,False,False,,,,,,50.494476,На сервисе с сентября 2025 г,0,0
False,False,23.0,https://profi.ru/profile/ZinnurovDI2/,https://profi.ru/profile/ZinnurovDI2/,108.0,True,MALE,Нет гарантии,0,0,False,False,,,,,,50.539320000000004,,2,3
True,False,1.0,https://profi.ru/profile/ZiyautdinovFZ/,https://profi.ru/profile/ZiyautdinovFZ/,95.0,True,MALE,Нет гарантии,0,0,False,False,,,,,,50.787963000000005,На сервисе с марта 2025 г. (1 год),0,0
True,False,7.0,https://profi.ru/profile/ZlobinAA22/,https://profi.ru/profile/ZlobinAA22/,48.0,True,MALE,Нет гарантии,0,0,False,False,,,,,,50.7987215,На сервисе с сентября 2025 г,0,0
True,False,10.0,https://profi.ru/profile/ZvitseviLA/,https://profi.ru/profile/ZvitseviLA/,76.0,True,MALE,Нет гарантии,"4,76",68,False,False,,,,,,50.75345000000001,,0,0
False,True,4.0,https://profi.ru/profile/user5845441/,https://profi.ru/profile/user5845441/,98.0,False,MALE,По договоренности,"4,25",16,False,False,10000.0,,10.0,,Договор,50.651782499999996,На сервисе с августа 2022 г. (3 года),2,13
